kor_kimlik,mod,insan_faaliyeti,alt_kategori,guven,goruntu_yeterli,yeniden_incele,not,etiket_sirasi,kaydedilme_zamani,kosu_protokol,kosu_manifest,kosu_manifest_ozeti,kosu_arac,kosu_tohum,kosu_kapsam_notu
a0001,ana,yok,dogal_bitki,yuksek,evet,hayir,,1,2026-09-13T07:18:08.452Z,reports/hafta7_fp_protokolu.md,reports/hafta7_fp_etiket_manifesti.csv,6acdb58f078d49eb,frontend etiketleme.html (yerel gelistirme araci),20260913,"Tek etiketleyici. mod=ana birincil tur, mod=kalite ayni adaylarin yeniden-test turudur; annotatorlar arasi guvenilirlik DEGILDIR."
a0002,ana,yok,dogal_bitki,yuksek,evet,hayir,,7,2026-09-13T07:18:15.972Z,reports/hafta7_fp_protokolu.md,reports/hafta7_fp_etiket_manifesti.csv,6acdb58f078d49eb,frontend etiketleme.html (yerel gelistirme araci),20260913,"Tek etiketleyici. mod=ana birincil tur, mod=kalite ayni adaylarin yeniden-test turudur; annotatorlar arasi guvenilirlik DEGILDIR."
a0003,ana,yok,baska,yuksek,evet,hayir,,2,2026-09-13T07:13:34.287Z,reports/hafta7_fp_protokolu.md,reports/hafta7_fp_etiket_manifesti.csv,6acdb58f078d49eb,frontend etiketleme.html (yerel gelistirme araci),20260913,"Tek etiketleyici. mod=ana birincil tur, mod=kalite ayni adaylarin yeniden-test turudur; annotatorlar arasi guvenilirlik DEGILDIR."
a0004,ana,var,insan_suphesi,yuksek,evet,hayir,,8,2026-09-13T07:18:29.564Z,reports/hafta7_fp_protokolu.md,reports/hafta7_fp_etiket_manifesti.csv,6acdb58f078d49eb,frontend etiketleme.html (yerel gelistirme araci),20260913,"Tek etiketleyici. mod=ana birincil tur, mod=kalite ayni adaylarin yeniden-test turudur; annotatorlar arasi guvenilirlik DEGILDIR."
a0005,ana,yok,dogal_bitki,yuksek,evet,hayir,,3,2026-09-13T07:14:11.853Z,reports/hafta7_fp_protokolu.md,reports/hafta7_fp_etiket_manifesti.csv,6acdb58f078d49eb,frontend etiketleme.html (yerel gelistirme araci),20260913,"Tek etiketleyici. mod=ana birincil tur, mod=kalite ayni adaylarin yeniden-test turudur; annotatorlar arasi guvenilirlik DEGILDIR."
a0006,ana,var,altyapi_ekipman,yuksek,evet,hayir,,9,2026-09-13T07:18:42.684Z,reports/hafta7_fp_protokolu.md,reports/hafta7_fp_etiket_manifesti.csv,6acdb58f078d49eb,frontend etiketleme.html (yerel gelistirme araci),20260913,"Tek etiketleyici. mod=ana birincil tur, mod=kalite ayni adaylarin yeniden-test turudur; annotatorlar arasi guvenilirlik DEGILDIR."
a0007,ana,yok,yol_patika,yuksek,evet,hayir,,4,2026-09-13T07:14:20.798Z,reports/hafta7_fp_protokolu.md,reports/hafta7_fp_etiket_manifesti.csv,6acdb58f078d49eb,frontend etiketleme.html (yerel gelistirme araci),20260913,"Tek etiketleyici. mod=ana birincil tur, mod=kalite ayni adaylarin yeniden-test turudur; annotatorlar arasi guvenilirlik DEGILDIR."
a0008,ana,yok,dogal_bitki,yuksek,evet,hayir,,10,2026-09-13T07:18:47.176Z,reports/hafta7_fp_protokolu.md,reports/hafta7_fp_etiket_manifesti.csv,6acdb58f078d49eb,frontend etiketleme.html (yerel gelistirme araci),20260913,"Tek etiketleyici. mod=ana birincil tur, mod=kalite ayni adaylarin yeniden-test turudur; annotatorlar arasi guvenilirlik DEGILDIR."
a0009,ana,yok,baska,yuksek,evet,hayir,,5,2026-09-13T07:14:35.434Z,reports/hafta7_fp_protokolu.md,reports/hafta7_fp_etiket_manifesti.csv,6acdb58f078d49eb,frontend etiketleme.html (yerel gelistirme araci),20260913,"Tek etiketleyici. mod=ana birincil tur, mod=kalite ayni adaylarin yeniden-test turudur; annotatorlar arasi guvenilirlik DEGILDIR."
a0010,ana,yok,baska,yuksek,evet,hayir,,11,2026-09-13T07:18:52.686Z,reports/hafta7_fp_protokolu.md,reports/hafta7_fp_etiket_manifesti.csv,6acdb58f078d49eb,frontend etiketleme.html (yerel gelistirme araci),20260913,"Tek etiketleyici. mod=ana birincil tur, mod=kalite ayni adaylarin yeniden-test turudur; annotatorlar arasi guvenilirlik DEGILDIR."
a0011,ana,var,insan_suphesi,yuksek,evet,hayir,,6,2026-09-13T07:14:49.494Z,reports/hafta7_fp_protokolu.md,reports/hafta7_fp_etiket_manifesti.csv,6acdb58f078d49eb,frontend etiketleme.html (yerel gelistirme araci),20260913,"Tek etiketleyici. mod=ana birincil tur, mod=kalite ayni adaylarin yeniden-test turudur; annotatorlar arasi guvenilirlik DEGILDIR."
a0012,ana,yok,yol_patika,yuksek,evet,hayir,,12,2026-09-13T07:18:56.343Z,reports/hafta7_fp_protokolu.md,reports/hafta7_fp_etiket_manifesti.csv,6acdb58f078d49eb,frontend etiketleme.html (yerel gelistirme araci),20260913,"Tek etiketleyici. mod=ana birincil tur, mod=kalite ayni adaylarin yeniden-test turudur; annotatorlar arasi guvenilirlik DEGILDIR."
a0014,ana,yok,dogal_bitki,yuksek,evet,hayir,,13,2026-09-13T07:19:00.258Z,reports/hafta7_fp_protokolu.md,reports/hafta7_fp_etiket_manifesti.csv,6acdb58f078d49eb,frontend etiketleme.html (yerel gelistirme araci),20260913,"Tek etiketleyici. mod=ana birincil tur, mod=kalite ayni adaylarin yeniden-test turudur; annotatorlar arasi guvenilirlik DEGILDIR."
a0016,ana,var,yol_patika,yuksek,evet,hayir,,14,2026-09-13T07:19:12.847Z,reports/hafta7_fp_protokolu.md,reports/hafta7_fp_etiket_manifesti.csv,6acdb58f078d49eb,frontend etiketleme.html (yerel gelistirme araci),20260913,"Tek etiketleyici. mod=ana birincil tur, mod=kalite ayni adaylarin yeniden-test turudur; annotatorlar arasi guvenilirlik DEGILDIR."
a0018,ana,yok,baska,yuksek,evet,hayir,,15,2026-09-13T07:19:21.107Z,reports/hafta7_fp_protokolu.md,reports/hafta7_fp_etiket_manifesti.csv,6acdb58f078d49eb,frontend etiketleme.html (yerel gelistirme araci),20260913,"Tek etiketleyici. mod=ana birincil tur, mod=kalite ayni adaylarin yeniden-test turudur; annotatorlar arasi guvenilirlik DEGILDIR."
a0020,ana,belirsiz,belirsiz,yuksek,evet,hayir,,16,2026-09-13T07:19:29.454Z,reports/hafta7_fp_protokolu.md,reports/hafta7_fp_etiket_manifesti.csv,6acdb58f078d49eb,frontend etiketleme.html (yerel gelistirme araci),20260913,"Tek etiketleyici. mod=ana birincil tur, mod=kalite ayni adaylarin yeniden-test turudur; annotatorlar arasi guvenilirlik DEGILDIR."
a0022,ana,yok,yol_patika,yuksek,evet,hayir,,17,2026-09-13T07:19:33.535Z,reports/hafta7_fp_protokolu.md,reports/hafta7_fp_etiket_manifesti.csv,6acdb58f078d49eb,frontend etiketleme.html (yerel gelistirme araci),20260913,"Tek etiketleyici. mod=ana birincil tur, mod=kalite ayni adaylarin yeniden-test turudur; annotatorlar arasi guvenilirlik DEGILDIR."
a0024,ana,yok,yol_patika,yuksek,evet,hayir,,18,2026-09-13T07:19:37.033Z,reports/hafta7_fp_protokolu.md,reports/hafta7_fp_etiket_manifesti.csv,6acdb58f078d49eb,frontend etiketleme.html (yerel gelistirme araci),20260913,"Tek etiketleyici. mod=ana birincil tur, mod=kalite ayni adaylarin yeniden-test turudur; annotatorlar arasi guvenilirlik DEGILDIR."
a0026,ana,yok,dogal_bitki,yuksek,evet,hayir,,19,2026-09-13T07:19:41.649Z,reports/hafta7_fp_protokolu.md,reports/hafta7_fp_etiket_manifesti.csv,6acdb58f078d49eb,frontend etiketleme.html (yerel gelistirme araci),20260913,"Tek etiketleyici. mod=ana birincil tur, mod=kalite ayni adaylarin yeniden-test turudur; annotatorlar arasi guvenilirlik DEGILDIR."
a0028,ana,belirsiz,belirsiz,yuksek,evet,hayir,,20,2026-09-13T07:19:45.320Z,reports/hafta7_fp_protokolu.md,reports/hafta7_fp_etiket_manifesti.csv,6acdb58f078d49eb,frontend etiketleme.html (yerel gelistirme araci),20260913,"Tek etiketleyici. mod=ana birincil tur, mod=kalite ayni adaylarin yeniden-test turudur; annotatorlar arasi guvenilirlik DEGILDIR."
a0030,ana,var,insan_suphesi,yuksek,evet,hayir,,21,2026-09-13T07:19:48.554Z,reports/hafta7_fp_protokolu.md,reports/hafta7_fp_etiket_manifesti.csv,6acdb58f078d49eb,frontend etiketleme.html (yerel gelistirme araci),20260913,"Tek etiketleyici. mod=ana birincil tur, mod=kalite ayni adaylarin yeniden-test turudur; annotatorlar arasi guvenilirlik DEGILDIR."
a0032,ana,var,altyapi_ekipman,yuksek,evet,hayir,,22,2026-09-13T07:19:57.185Z,reports/hafta7_fp_protokolu.md,reports/hafta7_fp_etiket_manifesti.csv,6acdb58f078d49eb,frontend etiketleme.html (yerel gelistirme araci),20260913,"Tek etiketleyici. mod=ana birincil tur, mod=kalite ayni adaylarin yeniden-test turudur; annotatorlar arasi guvenilirlik DEGILDIR."
a0034,ana,yok,dogal_bitki,yuksek,evet,hayir,,23,2026-09-13T07:20:01.938Z,reports/hafta7_fp_protokolu.md,reports/hafta7_fp_etiket_manifesti.csv,6acdb58f078d49eb,frontend etiketleme.html (yerel gelistirme araci),20260913,"Tek etiketleyici. mod=ana birincil tur, mod=kalite ayni adaylarin yeniden-test turudur; annotatorlar arasi guvenilirlik DEGILDIR."
a0036,ana,var,dogal_bitki,yuksek,evet,hayir,,24,2026-09-13T07:20:07.505Z,reports/hafta7_fp_protokolu.md,reports/hafta7_fp_etiket_manifesti.csv,6acdb58f078d49eb,frontend etiketleme.html (yerel gelistirme araci),20260913,"Tek etiketleyici. mod=ana birincil tur, mod=kalite ayni adaylarin yeniden-test turudur; annotatorlar arasi guvenilirlik DEGILDIR."
a0038,ana,var,insan_suphesi,yuksek,evet,hayir,,25,2026-09-13T07:20:10.271Z,reports/hafta7_fp_protokolu.md,reports/hafta7_fp_etiket_manifesti.csv,6acdb58f078d49eb,frontend etiketleme.html (yerel gelistirme araci),20260913,"Tek etiketleyici. mod=ana birincil tur, mod=kalite ayni adaylarin yeniden-test turudur; annotatorlar arasi guvenilirlik DEGILDIR."
a0040,ana,var,insan_suphesi,yuksek,evet,hayir,,26,2026-09-13T07:20:14.703Z,reports/hafta7_fp_protokolu.md,reports/hafta7_fp_etiket_manifesti.csv,6acdb58f078d49eb,frontend etiketleme.html (yerel gelistirme araci),20260913,"Tek etiketleyici. mod=ana birincil tur, mod=kalite ayni adaylarin yeniden-test turudur; annotatorlar arasi guvenilirlik DEGILDIR."
a0042,ana,yok,dogal_bitki,yuksek,evet,hayir,,27,2026-09-13T07:20:18.630Z,reports/hafta7_fp_protokolu.md,reports/hafta7_fp_etiket_manifesti.csv,6acdb58f078d49eb,frontend etiketleme.html (yerel gelistirme araci),20260913,"Tek etiketleyici. mod=ana birincil tur, mod=kalite ayni adaylarin yeniden-test turudur; annotatorlar arasi guvenilirlik DEGILDIR."
a0044,ana,yok,altyapi_ekipman,yuksek,evet,hayir,,28,2026-09-13T07:20:22.716Z,reports/hafta7_fp_protokolu.md,reports/hafta7_fp_etiket_manifesti.csv,6acdb58f078d49eb,frontend etiketleme.html (yerel gelistirme araci),20260913,"Tek etiketleyici. mod=ana birincil tur, mod=kalite ayni adaylarin yeniden-test turudur; annotatorlar arasi guvenilirlik DEGILDIR."
a0046,ana,var,dogal_bitki,yuksek,evet,hayir,,29,2026-09-13T07:20:26.037Z,reports/hafta7_fp_protokolu.md,reports/hafta7_fp_etiket_manifesti.csv,6acdb58f078d49eb,frontend etiketleme.html (yerel gelistirme araci),20260913,"Tek etiketleyici. mod=ana birincil tur, mod=kalite ayni adaylarin yeniden-test turudur; annotatorlar arasi guvenilirlik DEGILDIR."
a0048,ana,var,insan_suphesi,yuksek,evet,hayir,,30,2026-09-13T07:20:28.287Z,reports/hafta7_fp_protokolu.md,reports/hafta7_fp_etiket_manifesti.csv,6acdb58f078d49eb,frontend etiketleme.html (yerel gelistirme araci),20260913,"Tek etiketleyici. mod=ana birincil tur, mod=kalite ayni adaylarin yeniden-test turudur; annotatorlar arasi guvenilirlik DEGILDIR."
a0050,ana,var,altyapi_ekipman,yuksek,evet,hayir,,31,2026-09-13T07:20:31.932Z,reports/hafta7_fp_protokolu.md,reports/hafta7_fp_etiket_manifesti.csv,6acdb58f078d49eb,frontend etiketleme.html (yerel gelistirme araci),20260913,"Tek etiketleyici. mod=ana birincil tur, mod=kalite ayni adaylarin yeniden-test turudur; annotatorlar arasi guvenilirlik DEGILDIR."
a0052,ana,yok,yol_patika,yuksek,evet,hayir,,32,2026-09-13T07:20:41.695Z,reports/hafta7_fp_protokolu.md,reports/hafta7_fp_etiket_manifesti.csv,6acdb58f078d49eb,frontend etiketleme.html (yerel gelistirme araci),20260913,"Tek etiketleyici. mod=ana birincil tur, mod=kalite ayni adaylarin yeniden-test turudur; annotatorlar arasi guvenilirlik DEGILDIR."
a0054,ana,yok,dogal_bitki,yuksek,evet,hayir,,33,2026-09-13T07:20:46.013Z,reports/hafta7_fp_protokolu.md,reports/hafta7_fp_etiket_manifesti.csv,6acdb58f078d49eb,frontend etiketleme.html (yerel gelistirme araci),20260913,"Tek etiketleyici. mod=ana birincil tur, mod=kalite ayni adaylarin yeniden-test turudur; annotatorlar arasi guvenilirlik DEGILDIR."
a0056,ana,yok,belirsiz,yuksek,evet,hayir,,34,2026-09-13T07:20:52.890Z,reports/hafta7_fp_protokolu.md,reports/hafta7_fp_etiket_manifesti.csv,6acdb58f078d49eb,frontend etiketleme.html (yerel gelistirme araci),20260913,"Tek etiketleyici. mod=ana birincil tur, mod=kalite ayni adaylarin yeniden-test turudur; annotatorlar arasi guvenilirlik DEGILDIR."
a0058,ana,yok,yol_patika,yuksek,evet,hayir,,35,2026-09-13T07:20:57.682Z,reports/hafta7_fp_protokolu.md,reports/hafta7_fp_etiket_manifesti.csv,6acdb58f078d49eb,frontend etiketleme.html (yerel gelistirme araci),20260913,"Tek etiketleyici. mod=ana birincil tur, mod=kalite ayni adaylarin yeniden-test turudur; annotatorlar arasi guvenilirlik DEGILDIR."
a0060,ana,var,insan_suphesi,yuksek,evet,hayir,,36,2026-09-13T07:21:07.143Z,reports/hafta7_fp_protokolu.md,reports/hafta7_fp_etiket_manifesti.csv,6acdb58f078d49eb,frontend etiketleme.html (yerel gelistirme araci),20260913,"Tek etiketleyici. mod=ana birincil tur, mod=kalite ayni adaylarin yeniden-test turudur; annotatorlar arasi guvenilirlik DEGILDIR."
a0062,ana,var,belirsiz,yuksek,evet,hayir,,37,2026-09-13T07:21:10.812Z,reports/hafta7_fp_protokolu.md,reports/hafta7_fp_etiket_manifesti.csv,6acdb58f078d49eb,frontend etiketleme.html (yerel gelistirme araci),20260913,"Tek etiketleyici. mod=ana birincil tur, mod=kalite ayni adaylarin yeniden-test turudur; annotatorlar arasi guvenilirlik DEGILDIR."
a0064,ana,var,belirsiz,yuksek,evet,hayir,,38,2026-09-13T07:21:16.809Z,reports/hafta7_fp_protokolu.md,reports/hafta7_fp_etiket_manifesti.csv,6acdb58f078d49eb,frontend etiketleme.html (yerel gelistirme araci),20260913,"Tek etiketleyici. mod=ana birincil tur, mod=kalite ayni adaylarin yeniden-test turudur; annotatorlar arasi guvenilirlik DEGILDIR."
a0066,ana,belirsiz,belirsiz,yuksek,evet,hayir,,39,2026-09-13T07:21:24.577Z,reports/hafta7_fp_protokolu.md,reports/hafta7_fp_etiket_manifesti.csv,6acdb58f078d49eb,frontend etiketleme.html (yerel gelistirme araci),20260913,"Tek etiketleyici. mod=ana birincil tur, mod=kalite ayni adaylarin yeniden-test turudur; annotatorlar arasi guvenilirlik DEGILDIR."
a0068,ana,belirsiz,belirsiz,yuksek,evet,hayir,,40,2026-09-13T07:21:30.796Z,reports/hafta7_fp_protokolu.md,reports/hafta7_fp_etiket_manifesti.csv,6acdb58f078d49eb,frontend etiketleme.html (yerel gelistirme araci),20260913,"Tek etiketleyici. mod=ana birincil tur, mod=kalite ayni adaylarin yeniden-test turudur; annotatorlar arasi guvenilirlik DEGILDIR."
a0070,ana,yok,belirsiz,yuksek,evet,hayir,,41,2026-09-13T07:21:37.445Z,reports/hafta7_fp_protokolu.md,reports/hafta7_fp_etiket_manifesti.csv,6acdb58f078d49eb,frontend etiketleme.html (yerel gelistirme araci),20260913,"Tek etiketleyici. mod=ana birincil tur, mod=kalite ayni adaylarin yeniden-test turudur; annotatorlar arasi guvenilirlik DEGILDIR."
a0072,ana,var,insan_suphesi,yuksek,evet,hayir,,42,2026-09-13T07:21:40.258Z,reports/hafta7_fp_protokolu.md,reports/hafta7_fp_etiket_manifesti.csv,6acdb58f078d49eb,frontend etiketleme.html (yerel gelistirme araci),20260913,"Tek etiketleyici. mod=ana birincil tur, mod=kalite ayni adaylarin yeniden-test turudur; annotatorlar arasi guvenilirlik DEGILDIR."
a0074,ana,var,baska,yuksek,evet,hayir,,43,2026-09-13T07:21:46.069Z,reports/hafta7_fp_protokolu.md,reports/hafta7_fp_etiket_manifesti.csv,6acdb58f078d49eb,frontend etiketleme.html (yerel gelistirme araci),20260913,"Tek etiketleyici. mod=ana birincil tur, mod=kalite ayni adaylarin yeniden-test turudur; annotatorlar arasi guvenilirlik DEGILDIR."
a0076,ana,yok,belirsiz,yuksek,evet,hayir,,44,2026-09-13T07:21:50.336Z,reports/hafta7_fp_protokolu.md,reports/hafta7_fp_etiket_manifesti.csv,6acdb58f078d49eb,frontend etiketleme.html (yerel gelistirme araci),20260913,"Tek etiketleyici. mod=ana birincil tur, mod=kalite ayni adaylarin yeniden-test turudur; annotatorlar arasi guvenilirlik DEGILDIR."
a0078,ana,yok,belirsiz,yuksek,evet,hayir,,45,2026-09-13T07:21:55.209Z,reports/hafta7_fp_protokolu.md,reports/hafta7_fp_etiket_manifesti.csv,6acdb58f078d49eb,frontend etiketleme.html (yerel gelistirme araci),20260913,"Tek etiketleyici. mod=ana birincil tur, mod=kalite ayni adaylarin yeniden-test turudur; annotatorlar arasi guvenilirlik DEGILDIR."
a0080,ana,yok,golge_isik,yuksek,evet,hayir,,46,2026-09-13T07:22:01.498Z,reports/hafta7_fp_protokolu.md,reports/hafta7_fp_etiket_manifesti.csv,6acdb58f078d49eb,frontend etiketleme.html (yerel gelistirme araci),20260913,"Tek etiketleyici. mod=ana birincil tur, mod=kalite ayni adaylarin yeniden-test turudur; annotatorlar arasi guvenilirlik DEGILDIR."
a0082,ana,var,dogal_bitki,yuksek,evet,hayir,,47,2026-09-13T07:22:06.888Z,reports/hafta7_fp_protokolu.md,reports/hafta7_fp_etiket_manifesti.csv,6acdb58f078d49eb,frontend etiketleme.html (yerel gelistirme araci),20260913,"Tek etiketleyici. mod=ana birincil tur, mod=kalite ayni adaylarin yeniden-test turudur; annotatorlar arasi guvenilirlik DEGILDIR."
a0084,ana,var,baska,yuksek,evet,hayir,,48,2026-09-13T07:22:12.114Z,reports/hafta7_fp_protokolu.md,reports/hafta7_fp_etiket_manifesti.csv,6acdb58f078d49eb,frontend etiketleme.html (yerel gelistirme araci),20260913,"Tek etiketleyici. mod=ana birincil tur, mod=kalite ayni adaylarin yeniden-test turudur; annotatorlar arasi guvenilirlik DEGILDIR."
a0086,ana,yok,baska,yuksek,evet,hayir,,49,2026-09-13T07:22:20.005Z,reports/hafta7_fp_protokolu.md,reports/hafta7_fp_etiket_manifesti.csv,6acdb58f078d49eb,frontend etiketleme.html (yerel gelistirme araci),20260913,"Tek etiketleyici. mod=ana birincil tur, mod=kalite ayni adaylarin yeniden-test turudur; annotatorlar arasi guvenilirlik DEGILDIR."
a0088,ana,var,altyapi_ekipman,yuksek,evet,hayir,,50,2026-09-13T07:22:30.851Z,reports/hafta7_fp_protokolu.md,reports/hafta7_fp_etiket_manifesti.csv,6acdb58f078d49eb,frontend etiketleme.html (yerel gelistirme araci),20260913,"Tek etiketleyici. mod=ana birincil tur, mod=kalite ayni adaylarin yeniden-test turudur; annotatorlar arasi guvenilirlik DEGILDIR."
a0090,ana,var,insan_suphesi,yuksek,evet,hayir,,51,2026-09-13T07:22:34.708Z,reports/hafta7_fp_protokolu.md,reports/hafta7_fp_etiket_manifesti.csv,6acdb58f078d49eb,frontend etiketleme.html (yerel gelistirme araci),20260913,"Tek etiketleyici. mod=ana birincil tur, mod=kalite ayni adaylarin yeniden-test turudur; annotatorlar arasi guvenilirlik DEGILDIR."
a0092,ana,var,insan_suphesi,yuksek,evet,hayir,,52,2026-09-13T07:22:39.153Z,reports/hafta7_fp_protokolu.md,reports/hafta7_fp_etiket_manifesti.csv,6acdb58f078d49eb,frontend etiketleme.html (yerel gelistirme araci),20260913,"Tek etiketleyici. mod=ana birincil tur, mod=kalite ayni adaylarin yeniden-test turudur; annotatorlar arasi guvenilirlik DEGILDIR."
a0094,ana,yok,baska,yuksek,evet,hayir,,53,2026-09-13T07:22:45.751Z,reports/hafta7_fp_protokolu.md,reports/hafta7_fp_etiket_manifesti.csv,6acdb58f078d49eb,frontend etiketleme.html (yerel gelistirme araci),20260913,"Tek etiketleyici. mod=ana birincil tur, mod=kalite ayni adaylarin yeniden-test turudur; annotatorlar arasi guvenilirlik DEGILDIR."
a0096,ana,yok,yol_patika,yuksek,evet,hayir,,54,2026-09-13T07:22:49.981Z,reports/hafta7_fp_protokolu.md,reports/hafta7_fp_etiket_manifesti.csv,6acdb58f078d49eb,frontend etiketleme.html (yerel gelistirme araci),20260913,"Tek etiketleyici. mod=ana birincil tur, mod=kalite ayni adaylarin yeniden-test turudur; annotatorlar arasi guvenilirlik DEGILDIR."
a0098,ana,var,altyapi_ekipman,yuksek,evet,hayir,,55,2026-09-13T07:22:54.496Z,reports/hafta7_fp_protokolu.md,reports/hafta7_fp_etiket_manifesti.csv,6acdb58f078d49eb,frontend etiketleme.html (yerel gelistirme araci),20260913,"Tek etiketleyici. mod=ana birincil tur, mod=kalite ayni adaylarin yeniden-test turudur; annotatorlar arasi guvenilirlik DEGILDIR."
a0100,ana,yok,baska,yuksek,evet,hayir,,56,2026-09-13T07:23:01.857Z,reports/hafta7_fp_protokolu.md,reports/hafta7_fp_etiket_manifesti.csv,6acdb58f078d49eb,frontend etiketleme.html (yerel gelistirme araci),20260913,"Tek etiketleyici. mod=ana birincil tur, mod=kalite ayni adaylarin yeniden-test turudur; annotatorlar arasi guvenilirlik DEGILDIR."
a0102,ana,var,insan_suphesi,yuksek,evet,hayir,,57,2026-09-13T07:23:04.769Z,reports/hafta7_fp_protokolu.md,reports/hafta7_fp_etiket_manifesti.csv,6acdb58f078d49eb,frontend etiketleme.html (yerel gelistirme araci),20260913,"Tek etiketleyici. mod=ana birincil tur, mod=kalite ayni adaylarin yeniden-test turudur; annotatorlar arasi guvenilirlik DEGILDIR."
a0104,ana,yok,yol_patika,yuksek,evet,hayir,,58,2026-09-13T07:23:07.247Z,reports/hafta7_fp_protokolu.md,reports/hafta7_fp_etiket_manifesti.csv,6acdb58f078d49eb,frontend etiketleme.html (yerel gelistirme araci),20260913,"Tek etiketleyici. mod=ana birincil tur, mod=kalite ayni adaylarin yeniden-test turudur; annotatorlar arasi guvenilirlik DEGILDIR."
a0106,ana,yok,dogal_bitki,yuksek,evet,hayir,,59,2026-09-13T07:23:13.333Z,reports/hafta7_fp_protokolu.md,reports/hafta7_fp_etiket_manifesti.csv,6acdb58f078d49eb,frontend etiketleme.html (yerel gelistirme araci),20260913,"Tek etiketleyici. mod=ana birincil tur, mod=kalite ayni adaylarin yeniden-test turudur; annotatorlar arasi guvenilirlik DEGILDIR."
a0108,ana,var,insan_suphesi,yuksek,evet,hayir,,60,2026-09-13T07:23:17.993Z,reports/hafta7_fp_protokolu.md,reports/hafta7_fp_etiket_manifesti.csv,6acdb58f078d49eb,frontend etiketleme.html (yerel gelistirme araci),20260913,"Tek etiketleyici. mod=ana birincil tur, mod=kalite ayni adaylarin yeniden-test turudur; annotatorlar arasi guvenilirlik DEGILDIR."
a0110,ana,var,insan_suphesi,yuksek,evet,hayir,,61,2026-09-13T07:23:20.671Z,reports/hafta7_fp_protokolu.md,reports/hafta7_fp_etiket_manifesti.csv,6acdb58f078d49eb,frontend etiketleme.html (yerel gelistirme araci),20260913,"Tek etiketleyici. mod=ana birincil tur, mod=kalite ayni adaylarin yeniden-test turudur; annotatorlar arasi guvenilirlik DEGILDIR."
a0112,ana,var,dogal_bitki,yuksek,evet,hayir,,62,2026-09-13T07:23:23.170Z,reports/hafta7_fp_protokolu.md,reports/hafta7_fp_etiket_manifesti.csv,6acdb58f078d49eb,frontend etiketleme.html (yerel gelistirme araci),20260913,"Tek etiketleyici. mod=ana birincil tur, mod=kalite ayni adaylarin yeniden-test turudur; annotatorlar arasi guvenilirlik DEGILDIR."
a0114,ana,var,insan_suphesi,yuksek,evet,hayir,,63,2026-09-13T07:23:25.471Z,reports/hafta7_fp_protokolu.md,reports/hafta7_fp_etiket_manifesti.csv,6acdb58f078d49eb,frontend etiketleme.html (yerel gelistirme araci),20260913,"Tek etiketleyici. mod=ana birincil tur, mod=kalite ayni adaylarin yeniden-test turudur; annotatorlar arasi guvenilirlik DEGILDIR."
a0116,ana,yok,dogal_bitki,yuksek,evet,hayir,,64,2026-09-13T07:23:28.848Z,reports/hafta7_fp_protokolu.md,reports/hafta7_fp_etiket_manifesti.csv,6acdb58f078d49eb,frontend etiketleme.html (yerel gelistirme araci),20260913,"Tek etiketleyici. mod=ana birincil tur, mod=kalite ayni adaylarin yeniden-test turudur; annotatorlar arasi guvenilirlik DEGILDIR."
a0118,ana,var,insan_suphesi,yuksek,evet,hayir,,65,2026-09-13T07:23:31.146Z,reports/hafta7_fp_protokolu.md,reports/hafta7_fp_etiket_manifesti.csv,6acdb58f078d49eb,frontend etiketleme.html (yerel gelistirme araci),20260913,"Tek etiketleyici. mod=ana birincil tur, mod=kalite ayni adaylarin yeniden-test turudur; annotatorlar arasi guvenilirlik DEGILDIR."
a0120,ana,yok,dogal_bitki,yuksek,evet,hayir,,66,2026-09-13T07:23:34.285Z,reports/hafta7_fp_protokolu.md,reports/hafta7_fp_etiket_manifesti.csv,6acdb58f078d49eb,frontend etiketleme.html (yerel gelistirme araci),20260913,"Tek etiketleyici. mod=ana birincil tur, mod=kalite ayni adaylarin yeniden-test turudur; annotatorlar arasi guvenilirlik DEGILDIR."
a0122,ana,var,insan_suphesi,yuksek,evet,hayir,,67,2026-09-13T07:23:36.955Z,reports/hafta7_fp_protokolu.md,reports/hafta7_fp_etiket_manifesti.csv,6acdb58f078d49eb,frontend etiketleme.html (yerel gelistirme araci),20260913,"Tek etiketleyici. mod=ana birincil tur, mod=kalite ayni adaylarin yeniden-test turudur; annotatorlar arasi guvenilirlik DEGILDIR."
a0124,ana,var,insan_suphesi,yuksek,evet,hayir,,68,2026-09-13T07:23:39.014Z,reports/hafta7_fp_protokolu.md,reports/hafta7_fp_etiket_manifesti.csv,6acdb58f078d49eb,frontend etiketleme.html (yerel gelistirme araci),20260913,"Tek etiketleyici. mod=ana birincil tur, mod=kalite ayni adaylarin yeniden-test turudur; annotatorlar arasi guvenilirlik DEGILDIR."
a0126,ana,yok,tarimsal_duzen,yuksek,evet,hayir,,69,2026-09-13T07:23:42.970Z,reports/hafta7_fp_protokolu.md,reports/hafta7_fp_etiket_manifesti.csv,6acdb58f078d49eb,frontend etiketleme.html (yerel gelistirme araci),20260913,"Tek etiketleyici. mod=ana birincil tur, mod=kalite ayni adaylarin yeniden-test turudur; annotatorlar arasi guvenilirlik DEGILDIR."
a0128,ana,yok,yol_patika,yuksek,evet,hayir,,70,2026-09-13T07:23:46.805Z,reports/hafta7_fp_protokolu.md,reports/hafta7_fp_etiket_manifesti.csv,6acdb58f078d49eb,frontend etiketleme.html (yerel gelistirme araci),20260913,"Tek etiketleyici. mod=ana birincil tur, mod=kalite ayni adaylarin yeniden-test turudur; annotatorlar arasi guvenilirlik DEGILDIR."
a0130,ana,var,insan_suphesi,yuksek,evet,hayir,,71,2026-09-13T07:23:49.420Z,reports/hafta7_fp_protokolu.md,reports/hafta7_fp_etiket_manifesti.csv,6acdb58f078d49eb,frontend etiketleme.html (yerel gelistirme araci),20260913,"Tek etiketleyici. mod=ana birincil tur, mod=kalite ayni adaylarin yeniden-test turudur; annotatorlar arasi guvenilirlik DEGILDIR."
a0132,ana,yok,dogal_bitki,yuksek,evet,hayir,,72,2026-09-13T07:23:53.830Z,reports/hafta7_fp_protokolu.md,reports/hafta7_fp_etiket_manifesti.csv,6acdb58f078d49eb,frontend etiketleme.html (yerel gelistirme araci),20260913,"Tek etiketleyici. mod=ana birincil tur, mod=kalite ayni adaylarin yeniden-test turudur; annotatorlar arasi guvenilirlik DEGILDIR."
a0134,ana,yok,dogal_bitki,yuksek,evet,hayir,,73,2026-09-13T07:23:57.446Z,reports/hafta7_fp_protokolu.md,reports/hafta7_fp_etiket_manifesti.csv,6acdb58f078d49eb,frontend etiketleme.html (yerel gelistirme araci),20260913,"Tek etiketleyici. mod=ana birincil tur, mod=kalite ayni adaylarin yeniden-test turudur; annotatorlar arasi guvenilirlik DEGILDIR."
a0136,ana,var,insan_suphesi,yuksek,evet,hayir,,74,2026-09-13T07:24:06.656Z,reports/hafta7_fp_protokolu.md,reports/hafta7_fp_etiket_manifesti.csv,6acdb58f078d49eb,frontend etiketleme.html (yerel gelistirme araci),20260913,"Tek etiketleyici. mod=ana birincil tur, mod=kalite ayni adaylarin yeniden-test turudur; annotatorlar arasi guvenilirlik DEGILDIR."
a0138,ana,var,insan_suphesi,yuksek,evet,hayir,,75,2026-09-13T07:24:09.027Z,reports/hafta7_fp_protokolu.md,reports/hafta7_fp_etiket_manifesti.csv,6acdb58f078d49eb,frontend etiketleme.html (yerel gelistirme araci),20260913,"Tek etiketleyici. mod=ana birincil tur, mod=kalite ayni adaylarin yeniden-test turudur; annotatorlar arasi guvenilirlik DEGILDIR."
a0140,ana,var,insan_suphesi,yuksek,evet,hayir,,76,2026-09-13T07:24:11.613Z,reports/hafta7_fp_protokolu.md,reports/hafta7_fp_etiket_manifesti.csv,6acdb58f078d49eb,frontend etiketleme.html (yerel gelistirme araci),20260913,"Tek etiketleyici. mod=ana birincil tur, mod=kalite ayni adaylarin yeniden-test turudur; annotatorlar arasi guvenilirlik DEGILDIR."
a0142,ana,yok,yol_patika,yuksek,evet,hayir,,77,2026-09-13T07:24:18.476Z,reports/hafta7_fp_protokolu.md,reports/hafta7_fp_etiket_manifesti.csv,6acdb58f078d49eb,frontend etiketleme.html (yerel gelistirme araci),20260913,"Tek etiketleyici. mod=ana birincil tur, mod=kalite ayni adaylarin yeniden-test turudur; annotatorlar arasi guvenilirlik DEGILDIR."
a0144,ana,yok,dogal_bitki,yuksek,evet,hayir,,78,2026-09-13T07:24:21.463Z,reports/hafta7_fp_protokolu.md,reports/hafta7_fp_etiket_manifesti.csv,6acdb58f078d49eb,frontend etiketleme.html (yerel gelistirme araci),20260913,"Tek etiketleyici. mod=ana birincil tur, mod=kalite ayni adaylarin yeniden-test turudur; annotatorlar arasi guvenilirlik DEGILDIR."
a0146,ana,var,yol_patika,yuksek,evet,hayir,,79,2026-09-13T07:24:24.084Z,reports/hafta7_fp_protokolu.md,reports/hafta7_fp_etiket_manifesti.csv,6acdb58f078d49eb,frontend etiketleme.html (yerel gelistirme araci),20260913,"Tek etiketleyici. mod=ana birincil tur, mod=kalite ayni adaylarin yeniden-test turudur; annotatorlar arasi guvenilirlik DEGILDIR."
a0148,ana,var,altyapi_ekipman,yuksek,evet,hayir,,80,2026-09-13T07:24:27.556Z,reports/hafta7_fp_protokolu.md,reports/hafta7_fp_etiket_manifesti.csv,6acdb58f078d49eb,frontend etiketleme.html (yerel gelistirme araci),20260913,"Tek etiketleyici. mod=ana birincil tur, mod=kalite ayni adaylarin yeniden-test turudur; annotatorlar arasi guvenilirlik DEGILDIR."
a0150,ana,belirsiz,belirsiz,yuksek,evet,hayir,,81,2026-09-13T07:24:32.360Z,reports/hafta7_fp_protokolu.md,reports/hafta7_fp_etiket_manifesti.csv,6acdb58f078d49eb,frontend etiketleme.html (yerel gelistirme araci),20260913,"Tek etiketleyici. mod=ana birincil tur, mod=kalite ayni adaylarin yeniden-test turudur; annotatorlar arasi guvenilirlik DEGILDIR."
a0152,ana,yok,tarimsal_duzen,yuksek,evet,hayir,,82,2026-09-13T07:24:37.057Z,reports/hafta7_fp_protokolu.md,reports/hafta7_fp_etiket_manifesti.csv,6acdb58f078d49eb,frontend etiketleme.html (yerel gelistirme araci),20260913,"Tek etiketleyici. mod=ana birincil tur, mod=kalite ayni adaylarin yeniden-test turudur; annotatorlar arasi guvenilirlik DEGILDIR."
a0154,ana,yok,belirsiz,yuksek,evet,hayir,,83,2026-09-13T07:24:43.343Z,reports/hafta7_fp_protokolu.md,reports/hafta7_fp_etiket_manifesti.csv,6acdb58f078d49eb,frontend etiketleme.html (yerel gelistirme araci),20260913,"Tek etiketleyici. mod=ana birincil tur, mod=kalite ayni adaylarin yeniden-test turudur; annotatorlar arasi guvenilirlik DEGILDIR."
a0156,ana,yok,altyapi_ekipman,yuksek,evet,hayir,,84,2026-09-13T07:24:45.816Z,reports/hafta7_fp_protokolu.md,reports/hafta7_fp_etiket_manifesti.csv,6acdb58f078d49eb,frontend etiketleme.html (yerel gelistirme araci),20260913,"Tek etiketleyici. mod=ana birincil tur, mod=kalite ayni adaylarin yeniden-test turudur; annotatorlar arasi guvenilirlik DEGILDIR."
a0158,ana,var,dogal_bitki,yuksek,evet,hayir,,85,2026-09-13T07:24:48.112Z,reports/hafta7_fp_protokolu.md,reports/hafta7_fp_etiket_manifesti.csv,6acdb58f078d49eb,frontend etiketleme.html (yerel gelistirme araci),20260913,"Tek etiketleyici. mod=ana birincil tur, mod=kalite ayni adaylarin yeniden-test turudur; annotatorlar arasi guvenilirlik DEGILDIR."
a0160,ana,yok,yol_patika,yuksek,evet,hayir,,86,2026-09-13T07:24:50.214Z,reports/hafta7_fp_protokolu.md,reports/hafta7_fp_etiket_manifesti.csv,6acdb58f078d49eb,frontend etiketleme.html (yerel gelistirme araci),20260913,"Tek etiketleyici. mod=ana birincil tur, mod=kalite ayni adaylarin yeniden-test turudur; annotatorlar arasi guvenilirlik DEGILDIR."
a0162,ana,yok,tarimsal_duzen,yuksek,evet,hayir,,87,2026-09-13T07:24:52.491Z,reports/hafta7_fp_protokolu.md,reports/hafta7_fp_etiket_manifesti.csv,6acdb58f078d49eb,frontend etiketleme.html (yerel gelistirme araci),20260913,"Tek etiketleyici. mod=ana birincil tur, mod=kalite ayni adaylarin yeniden-test turudur; annotatorlar arasi guvenilirlik DEGILDIR."
a0164,ana,var,insan_suphesi,yuksek,evet,hayir,,88,2026-09-13T07:24:55.023Z,reports/hafta7_fp_protokolu.md,reports/hafta7_fp_etiket_manifesti.csv,6acdb58f078d49eb,frontend etiketleme.html (yerel gelistirme araci),20260913,"Tek etiketleyici. mod=ana birincil tur, mod=kalite ayni adaylarin yeniden-test turudur; annotatorlar arasi guvenilirlik DEGILDIR."
a0166,ana,yok,dogal_bitki,yuksek,evet,hayir,,89,2026-09-13T07:25:01.473Z,reports/hafta7_fp_protokolu.md,reports/hafta7_fp_etiket_manifesti.csv,6acdb58f078d49eb,frontend etiketleme.html (yerel gelistirme araci),20260913,"Tek etiketleyici. mod=ana birincil tur, mod=kalite ayni adaylarin yeniden-test turudur; annotatorlar arasi guvenilirlik DEGILDIR."
a0168,ana,yok,altyapi_ekipman,yuksek,evet,hayir,,90,2026-09-13T07:25:05.144Z,reports/hafta7_fp_protokolu.md,reports/hafta7_fp_etiket_manifesti.csv,6acdb58f078d49eb,frontend etiketleme.html (yerel gelistirme araci),20260913,"Tek etiketleyici. mod=ana birincil tur, mod=kalite ayni adaylarin yeniden-test turudur; annotatorlar arasi guvenilirlik DEGILDIR."
a0170,ana,yok,baska,yuksek,evet,hayir,,91,2026-09-13T07:25:08.655Z,reports/hafta7_fp_protokolu.md,reports/hafta7_fp_etiket_manifesti.csv,6acdb58f078d49eb,frontend etiketleme.html (yerel gelistirme araci),20260913,"Tek etiketleyici. mod=ana birincil tur, mod=kalite ayni adaylarin yeniden-test turudur; annotatorlar arasi guvenilirlik DEGILDIR."
a0172,ana,yok,yol_patika,yuksek,evet,hayir,,92,2026-09-13T07:25:11.036Z,reports/hafta7_fp_protokolu.md,reports/hafta7_fp_etiket_manifesti.csv,6acdb58f078d49eb,frontend etiketleme.html (yerel gelistirme araci),20260913,"Tek etiketleyici. mod=ana birincil tur, mod=kalite ayni adaylarin yeniden-test turudur; annotatorlar arasi guvenilirlik DEGILDIR."
a0174,ana,belirsiz,belirsiz,yuksek,evet,hayir,,93,2026-09-13T07:25:15.559Z,reports/hafta7_fp_protokolu.md,reports/hafta7_fp_etiket_manifesti.csv,6acdb58f078d49eb,frontend etiketleme.html (yerel gelistirme araci),20260913,"Tek etiketleyici. mod=ana birincil tur, mod=kalite ayni adaylarin yeniden-test turudur; annotatorlar arasi guvenilirlik DEGILDIR."
a0176,ana,yok,altyapi_ekipman,yuksek,evet,hayir,,94,2026-09-13T07:25:17.974Z,reports/hafta7_fp_protokolu.md,reports/hafta7_fp_etiket_manifesti.csv,6acdb58f078d49eb,frontend etiketleme.html (yerel gelistirme araci),20260913,"Tek etiketleyici. mod=ana birincil tur, mod=kalite ayni adaylarin yeniden-test turudur; annotatorlar arasi guvenilirlik DEGILDIR."
a0178,ana,var,insan_suphesi,yuksek,evet,hayir,,95,2026-09-13T07:25:22.264Z,reports/hafta7_fp_protokolu.md,reports/hafta7_fp_etiket_manifesti.csv,6acdb58f078d49eb,frontend etiketleme.html (yerel gelistirme araci),20260913,"Tek etiketleyici. mod=ana birincil tur, mod=kalite ayni adaylarin yeniden-test turudur; annotatorlar arasi guvenilirlik DEGILDIR."
a0180,ana,var,altyapi_ekipman,yuksek,evet,hayir,,96,2026-09-13T07:25:30.515Z,reports/hafta7_fp_protokolu.md,reports/hafta7_fp_etiket_manifesti.csv,6acdb58f078d49eb,frontend etiketleme.html (yerel gelistirme araci),20260913,"Tek etiketleyici. mod=ana birincil tur, mod=kalite ayni adaylarin yeniden-test turudur; annotatorlar arasi guvenilirlik DEGILDIR."
a0182,ana,yok,dogal_bitki,yuksek,evet,hayir,,97,2026-09-13T07:25:36.157Z,reports/hafta7_fp_protokolu.md,reports/hafta7_fp_etiket_manifesti.csv,6acdb58f078d49eb,frontend etiketleme.html (yerel gelistirme araci),20260913,"Tek etiketleyici. mod=ana birincil tur, mod=kalite ayni adaylarin yeniden-test turudur; annotatorlar arasi guvenilirlik DEGILDIR."
a0184,ana,yok,altyapi_ekipman,yuksek,evet,hayir,,98,2026-09-13T07:25:40.266Z,reports/hafta7_fp_protokolu.md,reports/hafta7_fp_etiket_manifesti.csv,6acdb58f078d49eb,frontend etiketleme.html (yerel gelistirme araci),20260913,"Tek etiketleyici. mod=ana birincil tur, mod=kalite ayni adaylarin yeniden-test turudur; annotatorlar arasi guvenilirlik DEGILDIR."
a0186,ana,yok,dogal_bitki,yuksek,evet,hayir,,99,2026-09-13T07:25:45.360Z,reports/hafta7_fp_protokolu.md,reports/hafta7_fp_etiket_manifesti.csv,6acdb58f078d49eb,frontend etiketleme.html (yerel gelistirme araci),20260913,"Tek etiketleyici. mod=ana birincil tur, mod=kalite ayni adaylarin yeniden-test turudur; annotatorlar arasi guvenilirlik DEGILDIR."
a0188,ana,yok,dogal_bitki,yuksek,evet,hayir,,100,2026-09-13T07:25:47.612Z,reports/hafta7_fp_protokolu.md,reports/hafta7_fp_etiket_manifesti.csv,6acdb58f078d49eb,frontend etiketleme.html (yerel gelistirme araci),20260913,"Tek etiketleyici. mod=ana birincil tur, mod=kalite ayni adaylarin yeniden-test turudur; annotatorlar arasi guvenilirlik DEGILDIR."
a0190,ana,yok,altyapi_ekipman,yuksek,evet,hayir,,101,2026-09-13T07:25:49.666Z,reports/hafta7_fp_protokolu.md,reports/hafta7_fp_etiket_manifesti.csv,6acdb58f078d49eb,frontend etiketleme.html (yerel gelistirme araci),20260913,"Tek etiketleyici. mod=ana birincil tur, mod=kalite ayni adaylarin yeniden-test turudur; annotatorlar arasi guvenilirlik DEGILDIR."
a0192,ana,yok,tarimsal_duzen,yuksek,evet,hayir,,102,2026-09-13T07:25:53.361Z,reports/hafta7_fp_protokolu.md,reports/hafta7_fp_etiket_manifesti.csv,6acdb58f078d49eb,frontend etiketleme.html (yerel gelistirme araci),20260913,"Tek etiketleyici. mod=ana birincil tur, mod=kalite ayni adaylarin yeniden-test turudur; annotatorlar arasi guvenilirlik DEGILDIR."
a0194,ana,var,altyapi_ekipman,yuksek,evet,hayir,,103,2026-09-13T07:25:59.484Z,reports/hafta7_fp_protokolu.md,reports/hafta7_fp_etiket_manifesti.csv,6acdb58f078d49eb,frontend etiketleme.html (yerel gelistirme araci),20260913,"Tek etiketleyici. mod=ana birincil tur, mod=kalite ayni adaylarin yeniden-test turudur; annotatorlar arasi guvenilirlik DEGILDIR."
a0196,ana,yok,tarimsal_duzen,yuksek,evet,hayir,,104,2026-09-13T07:26:01.842Z,reports/hafta7_fp_protokolu.md,reports/hafta7_fp_etiket_manifesti.csv,6acdb58f078d49eb,frontend etiketleme.html (yerel gelistirme araci),20260913,"Tek etiketleyici. mod=ana birincil tur, mod=kalite ayni adaylarin yeniden-test turudur; annotatorlar arasi guvenilirlik DEGILDIR."
a0198,ana,yok,tarimsal_duzen,yuksek,evet,hayir,,105,2026-09-13T07:26:03.260Z,reports/hafta7_fp_protokolu.md,reports/hafta7_fp_etiket_manifesti.csv,6acdb58f078d49eb,frontend etiketleme.html (yerel gelistirme araci),20260913,"Tek etiketleyici. mod=ana birincil tur, mod=kalite ayni adaylarin yeniden-test turudur; annotatorlar arasi guvenilirlik DEGILDIR."
a0200,ana,yok,yol_patika,yuksek,evet,hayir,,106,2026-09-13T07:26:05.074Z,reports/hafta7_fp_protokolu.md,reports/hafta7_fp_etiket_manifesti.csv,6acdb58f078d49eb,frontend etiketleme.html (yerel gelistirme araci),20260913,"Tek etiketleyici. mod=ana birincil tur, mod=kalite ayni adaylarin yeniden-test turudur; annotatorlar arasi guvenilirlik DEGILDIR."
a0202,ana,var,insan_suphesi,yuksek,evet,hayir,,107,2026-09-13T07:26:07.964Z,reports/hafta7_fp_protokolu.md,reports/hafta7_fp_etiket_manifesti.csv,6acdb58f078d49eb,frontend etiketleme.html (yerel gelistirme araci),20260913,"Tek etiketleyici. mod=ana birincil tur, mod=kalite ayni adaylarin yeniden-test turudur; annotatorlar arasi guvenilirlik DEGILDIR."
a0204,ana,yok,dogal_bitki,yuksek,evet,hayir,,108,2026-09-13T07:26:16.247Z,reports/hafta7_fp_protokolu.md,reports/hafta7_fp_etiket_manifesti.csv,6acdb58f078d49eb,frontend etiketleme.html (yerel gelistirme araci),20260913,"Tek etiketleyici. mod=ana birincil tur, mod=kalite ayni adaylarin yeniden-test turudur; annotatorlar arasi guvenilirlik DEGILDIR."
a0206,ana,yok,baska,yuksek,evet,hayir,,109,2026-09-13T07:26:23.335Z,reports/hafta7_fp_protokolu.md,reports/hafta7_fp_etiket_manifesti.csv,6acdb58f078d49eb,frontend etiketleme.html (yerel gelistirme araci),20260913,"Tek etiketleyici. mod=ana birincil tur, mod=kalite ayni adaylarin yeniden-test turudur; annotatorlar arasi guvenilirlik DEGILDIR."
a0208,ana,var,altyapi_ekipman,yuksek,evet,hayir,,110,2026-09-13T07:26:28.801Z,reports/hafta7_fp_protokolu.md,reports/hafta7_fp_etiket_manifesti.csv,6acdb58f078d49eb,frontend etiketleme.html (yerel gelistirme araci),20260913,"Tek etiketleyici. mod=ana birincil tur, mod=kalite ayni adaylarin yeniden-test turudur; annotatorlar arasi guvenilirlik DEGILDIR."
a0210,ana,belirsiz,dogal_bitki,yuksek,evet,hayir,,111,2026-09-13T07:26:34.676Z,reports/hafta7_fp_protokolu.md,reports/hafta7_fp_etiket_manifesti.csv,6acdb58f078d49eb,frontend etiketleme.html (yerel gelistirme araci),20260913,"Tek etiketleyici. mod=ana birincil tur, mod=kalite ayni adaylarin yeniden-test turudur; annotatorlar arasi guvenilirlik DEGILDIR."
a0212,ana,yok,tarimsal_duzen,yuksek,evet,hayir,,112,2026-09-13T07:26:38.935Z,reports/hafta7_fp_protokolu.md,reports/hafta7_fp_etiket_manifesti.csv,6acdb58f078d49eb,frontend etiketleme.html (yerel gelistirme araci),20260913,"Tek etiketleyici. mod=ana birincil tur, mod=kalite ayni adaylarin yeniden-test turudur; annotatorlar arasi guvenilirlik DEGILDIR."
a0214,ana,var,dogal_bitki,yuksek,evet,hayir,,113,2026-09-13T07:26:41.776Z,reports/hafta7_fp_protokolu.md,reports/hafta7_fp_etiket_manifesti.csv,6acdb58f078d49eb,frontend etiketleme.html (yerel gelistirme araci),20260913,"Tek etiketleyici. mod=ana birincil tur, mod=kalite ayni adaylarin yeniden-test turudur; annotatorlar arasi guvenilirlik DEGILDIR."
a0216,ana,yok,dogal_bitki,yuksek,evet,hayir,,114,2026-09-13T07:26:43.808Z,reports/hafta7_fp_protokolu.md,reports/hafta7_fp_etiket_manifesti.csv,6acdb58f078d49eb,frontend etiketleme.html (yerel gelistirme araci),20260913,"Tek etiketleyici. mod=ana birincil tur, mod=kalite ayni adaylarin yeniden-test turudur; annotatorlar arasi guvenilirlik DEGILDIR."
a0218,ana,yok,altyapi_ekipman,yuksek,evet,hayir,,115,2026-09-13T07:26:46.317Z,reports/hafta7_fp_protokolu.md,reports/hafta7_fp_etiket_manifesti.csv,6acdb58f078d49eb,frontend etiketleme.html (yerel gelistirme araci),20260913,"Tek etiketleyici. mod=ana birincil tur, mod=kalite ayni adaylarin yeniden-test turudur; annotatorlar arasi guvenilirlik DEGILDIR."
a0220,ana,belirsiz,belirsiz,yuksek,evet,hayir,,116,2026-09-13T07:26:49.625Z,reports/hafta7_fp_protokolu.md,reports/hafta7_fp_etiket_manifesti.csv,6acdb58f078d49eb,frontend etiketleme.html (yerel gelistirme araci),20260913,"Tek etiketleyici. mod=ana birincil tur, mod=kalite ayni adaylarin yeniden-test turudur; annotatorlar arasi guvenilirlik DEGILDIR."
a0222,ana,yok,yol_patika,yuksek,evet,hayir,,117,2026-09-13T07:26:51.989Z,reports/hafta7_fp_protokolu.md,reports/hafta7_fp_etiket_manifesti.csv,6acdb58f078d49eb,frontend etiketleme.html (yerel gelistirme araci),20260913,"Tek etiketleyici. mod=ana birincil tur, mod=kalite ayni adaylarin yeniden-test turudur; annotatorlar arasi guvenilirlik DEGILDIR."
a0224,ana,yok,altyapi_ekipman,yuksek,evet,hayir,,118,2026-09-13T07:26:54.392Z,reports/hafta7_fp_protokolu.md,reports/hafta7_fp_etiket_manifesti.csv,6acdb58f078d49eb,frontend etiketleme.html (yerel gelistirme araci),20260913,"Tek etiketleyici. mod=ana birincil tur, mod=kalite ayni adaylarin yeniden-test turudur; annotatorlar arasi guvenilirlik DEGILDIR."
a0226,ana,var,insan_suphesi,yuksek,evet,hayir,,119,2026-09-13T07:26:57.705Z,reports/hafta7_fp_protokolu.md,reports/hafta7_fp_etiket_manifesti.csv,6acdb58f078d49eb,frontend etiketleme.html (yerel gelistirme araci),20260913,"Tek etiketleyici. mod=ana birincil tur, mod=kalite ayni adaylarin yeniden-test turudur; annotatorlar arasi guvenilirlik DEGILDIR."
a0228,ana,yok,tarimsal_duzen,yuksek,evet,hayir,,120,2026-09-13T07:27:01.796Z,reports/hafta7_fp_protokolu.md,reports/hafta7_fp_etiket_manifesti.csv,6acdb58f078d49eb,frontend etiketleme.html (yerel gelistirme araci),20260913,"Tek etiketleyici. mod=ana birincil tur, mod=kalite ayni adaylarin yeniden-test turudur; annotatorlar arasi guvenilirlik DEGILDIR."
a0230,ana,yok,tarimsal_duzen,yuksek,evet,hayir,,121,2026-09-13T07:27:11.078Z,reports/hafta7_fp_protokolu.md,reports/hafta7_fp_etiket_manifesti.csv,6acdb58f078d49eb,frontend etiketleme.html (yerel gelistirme araci),20260913,"Tek etiketleyici. mod=ana birincil tur, mod=kalite ayni adaylarin yeniden-test turudur; annotatorlar arasi guvenilirlik DEGILDIR."
a0232,ana,yok,yol_patika,yuksek,evet,hayir,,122,2026-09-13T07:27:12.966Z,reports/hafta7_fp_protokolu.md,reports/hafta7_fp_etiket_manifesti.csv,6acdb58f078d49eb,frontend etiketleme.html (yerel gelistirme araci),20260913,"Tek etiketleyici. mod=ana birincil tur, mod=kalite ayni adaylarin yeniden-test turudur; annotatorlar arasi guvenilirlik DEGILDIR."
a0234,ana,yok,tarimsal_duzen,yuksek,evet,hayir,,123,2026-09-13T07:27:15.598Z,reports/hafta7_fp_protokolu.md,reports/hafta7_fp_etiket_manifesti.csv,6acdb58f078d49eb,frontend etiketleme.html (yerel gelistirme araci),20260913,"Tek etiketleyici. mod=ana birincil tur, mod=kalite ayni adaylarin yeniden-test turudur; annotatorlar arasi guvenilirlik DEGILDIR."
a0236,ana,yok,tarimsal_duzen,yuksek,evet,hayir,,124,2026-09-13T07:27:18.118Z,reports/hafta7_fp_protokolu.md,reports/hafta7_fp_etiket_manifesti.csv,6acdb58f078d49eb,frontend etiketleme.html (yerel gelistirme araci),20260913,"Tek etiketleyici. mod=ana birincil tur, mod=kalite ayni adaylarin yeniden-test turudur; annotatorlar arasi guvenilirlik DEGILDIR."
a0238,ana,belirsiz,belirsiz,yuksek,evet,hayir,,125,2026-09-13T07:27:23.022Z,reports/hafta7_fp_protokolu.md,reports/hafta7_fp_etiket_manifesti.csv,6acdb58f078d49eb,frontend etiketleme.html (yerel gelistirme araci),20260913,"Tek etiketleyici. mod=ana birincil tur, mod=kalite ayni adaylarin yeniden-test turudur; annotatorlar arasi guvenilirlik DEGILDIR."
a0240,ana,var,insan_suphesi,yuksek,evet,hayir,,126,2026-09-13T07:27:27.088Z,reports/hafta7_fp_protokolu.md,reports/hafta7_fp_etiket_manifesti.csv,6acdb58f078d49eb,frontend etiketleme.html (yerel gelistirme araci),20260913,"Tek etiketleyici. mod=ana birincil tur, mod=kalite ayni adaylarin yeniden-test turudur; annotatorlar arasi guvenilirlik DEGILDIR."
a0242,ana,yok,altyapi_ekipman,yuksek,evet,hayir,,127,2026-09-13T07:27:30.613Z,reports/hafta7_fp_protokolu.md,reports/hafta7_fp_etiket_manifesti.csv,6acdb58f078d49eb,frontend etiketleme.html (yerel gelistirme araci),20260913,"Tek etiketleyici. mod=ana birincil tur, mod=kalite ayni adaylarin yeniden-test turudur; annotatorlar arasi guvenilirlik DEGILDIR."
a0244,ana,yok,tarimsal_duzen,yuksek,evet,hayir,,128,2026-09-13T07:27:33.578Z,reports/hafta7_fp_protokolu.md,reports/hafta7_fp_etiket_manifesti.csv,6acdb58f078d49eb,frontend etiketleme.html (yerel gelistirme araci),20260913,"Tek etiketleyici. mod=ana birincil tur, mod=kalite ayni adaylarin yeniden-test turudur; annotatorlar arasi guvenilirlik DEGILDIR."
a0246,ana,yok,tarimsal_duzen,yuksek,evet,hayir,,129,2026-09-13T07:27:35.873Z,reports/hafta7_fp_protokolu.md,reports/hafta7_fp_etiket_manifesti.csv,6acdb58f078d49eb,frontend etiketleme.html (yerel gelistirme araci),20260913,"Tek etiketleyici. mod=ana birincil tur, mod=kalite ayni adaylarin yeniden-test turudur; annotatorlar arasi guvenilirlik DEGILDIR."
a0248,ana,var,insan_suphesi,yuksek,evet,hayir,,130,2026-09-13T07:27:38.178Z,reports/hafta7_fp_protokolu.md,reports/hafta7_fp_etiket_manifesti.csv,6acdb58f078d49eb,frontend etiketleme.html (yerel gelistirme araci),20260913,"Tek etiketleyici. mod=ana birincil tur, mod=kalite ayni adaylarin yeniden-test turudur; annotatorlar arasi guvenilirlik DEGILDIR."
a0250,ana,yok,dogal_bitki,yuksek,evet,hayir,,131,2026-09-13T07:27:41.930Z,reports/hafta7_fp_protokolu.md,reports/hafta7_fp_etiket_manifesti.csv,6acdb58f078d49eb,frontend etiketleme.html (yerel gelistirme araci),20260913,"Tek etiketleyici. mod=ana birincil tur, mod=kalite ayni adaylarin yeniden-test turudur; annotatorlar arasi guvenilirlik DEGILDIR."
a0252,ana,belirsiz,belirsiz,yuksek,evet,hayir,,132,2026-09-13T07:27:45.447Z,reports/hafta7_fp_protokolu.md,reports/hafta7_fp_etiket_manifesti.csv,6acdb58f078d49eb,frontend etiketleme.html (yerel gelistirme araci),20260913,"Tek etiketleyici. mod=ana birincil tur, mod=kalite ayni adaylarin yeniden-test turudur; annotatorlar arasi guvenilirlik DEGILDIR."
a0254,ana,var,dogal_bitki,yuksek,evet,hayir,,133,2026-09-13T07:27:48.822Z,reports/hafta7_fp_protokolu.md,reports/hafta7_fp_etiket_manifesti.csv,6acdb58f078d49eb,frontend etiketleme.html (yerel gelistirme araci),20260913,"Tek etiketleyici. mod=ana birincil tur, mod=kalite ayni adaylarin yeniden-test turudur; annotatorlar arasi guvenilirlik DEGILDIR."
a0256,ana,yok,dogal_bitki,yuksek,evet,hayir,,134,2026-09-13T07:27:51.672Z,reports/hafta7_fp_protokolu.md,reports/hafta7_fp_etiket_manifesti.csv,6acdb58f078d49eb,frontend etiketleme.html (yerel gelistirme araci),20260913,"Tek etiketleyici. mod=ana birincil tur, mod=kalite ayni adaylarin yeniden-test turudur; annotatorlar arasi guvenilirlik DEGILDIR."
a0258,ana,yok,tarimsal_duzen,yuksek,evet,hayir,,135,2026-09-13T07:27:55.752Z,reports/hafta7_fp_protokolu.md,reports/hafta7_fp_etiket_manifesti.csv,6acdb58f078d49eb,frontend etiketleme.html (yerel gelistirme araci),20260913,"Tek etiketleyici. mod=ana birincil tur, mod=kalite ayni adaylarin yeniden-test turudur; annotatorlar arasi guvenilirlik DEGILDIR."
a0260,ana,yok,yol_patika,yuksek,evet,hayir,,136,2026-09-13T07:27:57.178Z,reports/hafta7_fp_protokolu.md,reports/hafta7_fp_etiket_manifesti.csv,6acdb58f078d49eb,frontend etiketleme.html (yerel gelistirme araci),20260913,"Tek etiketleyici. mod=ana birincil tur, mod=kalite ayni adaylarin yeniden-test turudur; annotatorlar arasi guvenilirlik DEGILDIR."
a0262,ana,yok,tarimsal_duzen,yuksek,evet,hayir,,137,2026-09-13T07:27:58.663Z,reports/hafta7_fp_protokolu.md,reports/hafta7_fp_etiket_manifesti.csv,6acdb58f078d49eb,frontend etiketleme.html (yerel gelistirme araci),20260913,"Tek etiketleyici. mod=ana birincil tur, mod=kalite ayni adaylarin yeniden-test turudur; annotatorlar arasi guvenilirlik DEGILDIR."
a0264,ana,yok,tarimsal_duzen,yuksek,evet,hayir,,138,2026-09-13T07:28:01.291Z,reports/hafta7_fp_protokolu.md,reports/hafta7_fp_etiket_manifesti.csv,6acdb58f078d49eb,frontend etiketleme.html (yerel gelistirme araci),20260913,"Tek etiketleyici. mod=ana birincil tur, mod=kalite ayni adaylarin yeniden-test turudur; annotatorlar arasi guvenilirlik DEGILDIR."
a0266,ana,var,altyapi_ekipman,yuksek,evet,hayir,,139,2026-09-13T07:28:06.364Z,reports/hafta7_fp_protokolu.md,reports/hafta7_fp_etiket_manifesti.csv,6acdb58f078d49eb,frontend etiketleme.html (yerel gelistirme araci),20260913,"Tek etiketleyici. mod=ana birincil tur, mod=kalite ayni adaylarin yeniden-test turudur; annotatorlar arasi guvenilirlik DEGILDIR."
a0268,ana,var,insan_suphesi,yuksek,evet,hayir,,140,2026-09-13T07:28:09.169Z,reports/hafta7_fp_protokolu.md,reports/hafta7_fp_etiket_manifesti.csv,6acdb58f078d49eb,frontend etiketleme.html (yerel gelistirme araci),20260913,"Tek etiketleyici. mod=ana birincil tur, mod=kalite ayni adaylarin yeniden-test turudur; annotatorlar arasi guvenilirlik DEGILDIR."
a0270,ana,yok,dogal_bitki,yuksek,evet,hayir,,141,2026-09-13T07:28:15.413Z,reports/hafta7_fp_protokolu.md,reports/hafta7_fp_etiket_manifesti.csv,6acdb58f078d49eb,frontend etiketleme.html (yerel gelistirme araci),20260913,"Tek etiketleyici. mod=ana birincil tur, mod=kalite ayni adaylarin yeniden-test turudur; annotatorlar arasi guvenilirlik DEGILDIR."
a0272,ana,yok,dogal_bitki,yuksek,evet,hayir,,142,2026-09-13T07:28:19.451Z,reports/hafta7_fp_protokolu.md,reports/hafta7_fp_etiket_manifesti.csv,6acdb58f078d49eb,frontend etiketleme.html (yerel gelistirme araci),20260913,"Tek etiketleyici. mod=ana birincil tur, mod=kalite ayni adaylarin yeniden-test turudur; annotatorlar arasi guvenilirlik DEGILDIR."
a0274,ana,var,altyapi_ekipman,yuksek,evet,hayir,,143,2026-09-13T07:28:24.778Z,reports/hafta7_fp_protokolu.md,reports/hafta7_fp_etiket_manifesti.csv,6acdb58f078d49eb,frontend etiketleme.html (yerel gelistirme araci),20260913,"Tek etiketleyici. mod=ana birincil tur, mod=kalite ayni adaylarin yeniden-test turudur; annotatorlar arasi guvenilirlik DEGILDIR."
a0276,ana,yok,yol_patika,yuksek,evet,hayir,,144,2026-09-13T07:28:27.024Z,reports/hafta7_fp_protokolu.md,reports/hafta7_fp_etiket_manifesti.csv,6acdb58f078d49eb,frontend etiketleme.html (yerel gelistirme araci),20260913,"Tek etiketleyici. mod=ana birincil tur, mod=kalite ayni adaylarin yeniden-test turudur; annotatorlar arasi guvenilirlik DEGILDIR."
a0278,ana,yok,altyapi_ekipman,yuksek,evet,hayir,,145,2026-09-13T07:28:31.102Z,reports/hafta7_fp_protokolu.md,reports/hafta7_fp_etiket_manifesti.csv,6acdb58f078d49eb,frontend etiketleme.html (yerel gelistirme araci),20260913,"Tek etiketleyici. mod=ana birincil tur, mod=kalite ayni adaylarin yeniden-test turudur; annotatorlar arasi guvenilirlik DEGILDIR."
a0280,ana,yok,kaya_toprak,yuksek,evet,hayir,,146,2026-09-13T07:28:34.749Z,reports/hafta7_fp_protokolu.md,reports/hafta7_fp_etiket_manifesti.csv,6acdb58f078d49eb,frontend etiketleme.html (yerel gelistirme araci),20260913,"Tek etiketleyici. mod=ana birincil tur, mod=kalite ayni adaylarin yeniden-test turudur; annotatorlar arasi guvenilirlik DEGILDIR."
a0282,ana,var,altyapi_ekipman,yuksek,evet,hayir,,147,2026-09-13T07:28:37.907Z,reports/hafta7_fp_protokolu.md,reports/hafta7_fp_etiket_manifesti.csv,6acdb58f078d49eb,frontend etiketleme.html (yerel gelistirme araci),20260913,"Tek etiketleyici. mod=ana birincil tur, mod=kalite ayni adaylarin yeniden-test turudur; annotatorlar arasi guvenilirlik DEGILDIR."
a0284,ana,var,insan_suphesi,yuksek,evet,hayir,,148,2026-09-13T07:28:40.263Z,reports/hafta7_fp_protokolu.md,reports/hafta7_fp_etiket_manifesti.csv,6acdb58f078d49eb,frontend etiketleme.html (yerel gelistirme araci),20260913,"Tek etiketleyici. mod=ana birincil tur, mod=kalite ayni adaylarin yeniden-test turudur; annotatorlar arasi guvenilirlik DEGILDIR."
a0286,ana,yok,dogal_bitki,yuksek,evet,hayir,,149,2026-09-13T07:28:43.061Z,reports/hafta7_fp_protokolu.md,reports/hafta7_fp_etiket_manifesti.csv,6acdb58f078d49eb,frontend etiketleme.html (yerel gelistirme araci),20260913,"Tek etiketleyici. mod=ana birincil tur, mod=kalite ayni adaylarin yeniden-test turudur; annotatorlar arasi guvenilirlik DEGILDIR."
a0288,ana,var,insan_suphesi,yuksek,evet,hayir,,150,2026-09-13T07:28:45.388Z,reports/hafta7_fp_protokolu.md,reports/hafta7_fp_etiket_manifesti.csv,6acdb58f078d49eb,frontend etiketleme.html (yerel gelistirme araci),20260913,"Tek etiketleyici. mod=ana birincil tur, mod=kalite ayni adaylarin yeniden-test turudur; annotatorlar arasi guvenilirlik DEGILDIR."
a0290,ana,yok,kaya_toprak,yuksek,evet,hayir,,151,2026-09-13T07:28:50.162Z,reports/hafta7_fp_protokolu.md,reports/hafta7_fp_etiket_manifesti.csv,6acdb58f078d49eb,frontend etiketleme.html (yerel gelistirme araci),20260913,"Tek etiketleyici. mod=ana birincil tur, mod=kalite ayni adaylarin yeniden-test turudur; annotatorlar arasi guvenilirlik DEGILDIR."
a0292,ana,var,insan_suphesi,yuksek,evet,hayir,,152,2026-09-13T07:28:53.229Z,reports/hafta7_fp_protokolu.md,reports/hafta7_fp_etiket_manifesti.csv,6acdb58f078d49eb,frontend etiketleme.html (yerel gelistirme araci),20260913,"Tek etiketleyici. mod=ana birincil tur, mod=kalite ayni adaylarin yeniden-test turudur; annotatorlar arasi guvenilirlik DEGILDIR."
a0294,ana,yok,dogal_bitki,yuksek,evet,hayir,,153,2026-09-13T07:28:55.588Z,reports/hafta7_fp_protokolu.md,reports/hafta7_fp_etiket_manifesti.csv,6acdb58f078d49eb,frontend etiketleme.html (yerel gelistirme araci),20260913,"Tek etiketleyici. mod=ana birincil tur, mod=kalite ayni adaylarin yeniden-test turudur; annotatorlar arasi guvenilirlik DEGILDIR."
a0296,ana,yok,altyapi_ekipman,yuksek,evet,hayir,,154,2026-09-13T07:28:57.990Z,reports/hafta7_fp_protokolu.md,reports/hafta7_fp_etiket_manifesti.csv,6acdb58f078d49eb,frontend etiketleme.html (yerel gelistirme araci),20260913,"Tek etiketleyici. mod=ana birincil tur, mod=kalite ayni adaylarin yeniden-test turudur; annotatorlar arasi guvenilirlik DEGILDIR."
a0298,ana,var,insan_suphesi,yuksek,evet,hayir,,155,2026-09-13T07:29:00.685Z,reports/hafta7_fp_protokolu.md,reports/hafta7_fp_etiket_manifesti.csv,6acdb58f078d49eb,frontend etiketleme.html (yerel gelistirme araci),20260913,"Tek etiketleyici. mod=ana birincil tur, mod=kalite ayni adaylarin yeniden-test turudur; annotatorlar arasi guvenilirlik DEGILDIR."
a0300,ana,yok,dogal_bitki,yuksek,evet,hayir,,156,2026-09-13T07:29:02.835Z,reports/hafta7_fp_protokolu.md,reports/hafta7_fp_etiket_manifesti.csv,6acdb58f078d49eb,frontend etiketleme.html (yerel gelistirme araci),20260913,"Tek etiketleyici. mod=ana birincil tur, mod=kalite ayni adaylarin yeniden-test turudur; annotatorlar arasi guvenilirlik DEGILDIR."
a0302,ana,var,yol_patika,yuksek,evet,hayir,,157,2026-09-13T07:29:05.808Z,reports/hafta7_fp_protokolu.md,reports/hafta7_fp_etiket_manifesti.csv,6acdb58f078d49eb,frontend etiketleme.html (yerel gelistirme araci),20260913,"Tek etiketleyici. mod=ana birincil tur, mod=kalite ayni adaylarin yeniden-test turudur; annotatorlar arasi guvenilirlik DEGILDIR."
a0304,ana,var,insan_suphesi,yuksek,evet,hayir,,158,2026-09-13T07:29:08.561Z,reports/hafta7_fp_protokolu.md,reports/hafta7_fp_etiket_manifesti.csv,6acdb58f078d49eb,frontend etiketleme.html (yerel gelistirme araci),20260913,"Tek etiketleyici. mod=ana birincil tur, mod=kalite ayni adaylarin yeniden-test turudur; annotatorlar arasi guvenilirlik DEGILDIR."
a0306,ana,yok,altyapi_ekipman,yuksek,evet,hayir,,159,2026-09-13T07:29:10.589Z,reports/hafta7_fp_protokolu.md,reports/hafta7_fp_etiket_manifesti.csv,6acdb58f078d49eb,frontend etiketleme.html (yerel gelistirme araci),20260913,"Tek etiketleyici. mod=ana birincil tur, mod=kalite ayni adaylarin yeniden-test turudur; annotatorlar arasi guvenilirlik DEGILDIR."
a0308,ana,var,insan_suphesi,yuksek,evet,hayir,,160,2026-09-13T07:29:12.754Z,reports/hafta7_fp_protokolu.md,reports/hafta7_fp_etiket_manifesti.csv,6acdb58f078d49eb,frontend etiketleme.html (yerel gelistirme araci),20260913,"Tek etiketleyici. mod=ana birincil tur, mod=kalite ayni adaylarin yeniden-test turudur; annotatorlar arasi guvenilirlik DEGILDIR."
a0310,ana,var,altyapi_ekipman,yuksek,evet,hayir,,161,2026-09-13T07:29:17.009Z,reports/hafta7_fp_protokolu.md,reports/hafta7_fp_etiket_manifesti.csv,6acdb58f078d49eb,frontend etiketleme.html (yerel gelistirme araci),20260913,"Tek etiketleyici. mod=ana birincil tur, mod=kalite ayni adaylarin yeniden-test turudur; annotatorlar arasi guvenilirlik DEGILDIR."
a0312,ana,var,insan_suphesi,yuksek,evet,hayir,,162,2026-09-13T07:29:19.435Z,reports/hafta7_fp_protokolu.md,reports/hafta7_fp_etiket_manifesti.csv,6acdb58f078d49eb,frontend etiketleme.html (yerel gelistirme araci),20260913,"Tek etiketleyici. mod=ana birincil tur, mod=kalite ayni adaylarin yeniden-test turudur; annotatorlar arasi guvenilirlik DEGILDIR."
a0314,ana,yok,kaya_toprak,yuksek,evet,hayir,,163,2026-09-13T07:29:22.987Z,reports/hafta7_fp_protokolu.md,reports/hafta7_fp_etiket_manifesti.csv,6acdb58f078d49eb,frontend etiketleme.html (yerel gelistirme araci),20260913,"Tek etiketleyici. mod=ana birincil tur, mod=kalite ayni adaylarin yeniden-test turudur; annotatorlar arasi guvenilirlik DEGILDIR."
a0316,ana,belirsiz,kaya_toprak,yuksek,evet,hayir,,164,2026-09-13T07:29:29.693Z,reports/hafta7_fp_protokolu.md,reports/hafta7_fp_etiket_manifesti.csv,6acdb58f078d49eb,frontend etiketleme.html (yerel gelistirme araci),20260913,"Tek etiketleyici. mod=ana birincil tur, mod=kalite ayni adaylarin yeniden-test turudur; annotatorlar arasi guvenilirlik DEGILDIR."
a0318,ana,var,yol_patika,yuksek,evet,hayir,,165,2026-09-13T07:29:32.121Z,reports/hafta7_fp_protokolu.md,reports/hafta7_fp_etiket_manifesti.csv,6acdb58f078d49eb,frontend etiketleme.html (yerel gelistirme araci),20260913,"Tek etiketleyici. mod=ana birincil tur, mod=kalite ayni adaylarin yeniden-test turudur; annotatorlar arasi guvenilirlik DEGILDIR."
a0320,ana,var,insan_suphesi,yuksek,evet,hayir,,166,2026-09-13T07:29:35.221Z,reports/hafta7_fp_protokolu.md,reports/hafta7_fp_etiket_manifesti.csv,6acdb58f078d49eb,frontend etiketleme.html (yerel gelistirme araci),20260913,"Tek etiketleyici. mod=ana birincil tur, mod=kalite ayni adaylarin yeniden-test turudur; annotatorlar arasi guvenilirlik DEGILDIR."
a0322,ana,yok,kaya_toprak,yuksek,evet,hayir,,167,2026-09-13T07:29:40.882Z,reports/hafta7_fp_protokolu.md,reports/hafta7_fp_etiket_manifesti.csv,6acdb58f078d49eb,frontend etiketleme.html (yerel gelistirme araci),20260913,"Tek etiketleyici. mod=ana birincil tur, mod=kalite ayni adaylarin yeniden-test turudur; annotatorlar arasi guvenilirlik DEGILDIR."
a0324,ana,belirsiz,yol_patika,yuksek,evet,hayir,,168,2026-09-13T07:29:46.361Z,reports/hafta7_fp_protokolu.md,reports/hafta7_fp_etiket_manifesti.csv,6acdb58f078d49eb,frontend etiketleme.html (yerel gelistirme araci),20260913,"Tek etiketleyici. mod=ana birincil tur, mod=kalite ayni adaylarin yeniden-test turudur; annotatorlar arasi guvenilirlik DEGILDIR."
a0326,ana,var,insan_suphesi,yuksek,evet,hayir,,169,2026-09-13T07:29:51.250Z,reports/hafta7_fp_protokolu.md,reports/hafta7_fp_etiket_manifesti.csv,6acdb58f078d49eb,frontend etiketleme.html (yerel gelistirme araci),20260913,"Tek etiketleyici. mod=ana birincil tur, mod=kalite ayni adaylarin yeniden-test turudur; annotatorlar arasi guvenilirlik DEGILDIR."
a0328,ana,var,altyapi_ekipman,yuksek,evet,hayir,,170,2026-09-13T07:29:54.874Z,reports/hafta7_fp_protokolu.md,reports/hafta7_fp_etiket_manifesti.csv,6acdb58f078d49eb,frontend etiketleme.html (yerel gelistirme araci),20260913,"Tek etiketleyici. mod=ana birincil tur, mod=kalite ayni adaylarin yeniden-test turudur; annotatorlar arasi guvenilirlik DEGILDIR."
a0330,ana,var,yol_patika,yuksek,evet,hayir,,171,2026-09-13T07:30:00.160Z,reports/hafta7_fp_protokolu.md,reports/hafta7_fp_etiket_manifesti.csv,6acdb58f078d49eb,frontend etiketleme.html (yerel gelistirme araci),20260913,"Tek etiketleyici. mod=ana birincil tur, mod=kalite ayni adaylarin yeniden-test turudur; annotatorlar arasi guvenilirlik DEGILDIR."
a0332,ana,yok,tarimsal_duzen,yuksek,evet,hayir,,172,2026-09-13T07:30:07.952Z,reports/hafta7_fp_protokolu.md,reports/hafta7_fp_etiket_manifesti.csv,6acdb58f078d49eb,frontend etiketleme.html (yerel gelistirme araci),20260913,"Tek etiketleyici. mod=ana birincil tur, mod=kalite ayni adaylarin yeniden-test turudur; annotatorlar arasi guvenilirlik DEGILDIR."
a0334,ana,yok,tarimsal_duzen,yuksek,evet,hayir,,173,2026-09-13T07:30:10.541Z,reports/hafta7_fp_protokolu.md,reports/hafta7_fp_etiket_manifesti.csv,6acdb58f078d49eb,frontend etiketleme.html (yerel gelistirme araci),20260913,"Tek etiketleyici. mod=ana birincil tur, mod=kalite ayni adaylarin yeniden-test turudur; annotatorlar arasi guvenilirlik DEGILDIR."
a0336,ana,belirsiz,insan_suphesi,yuksek,evet,hayir,,174,2026-09-13T07:30:17.870Z,reports/hafta7_fp_protokolu.md,reports/hafta7_fp_etiket_manifesti.csv,6acdb58f078d49eb,frontend etiketleme.html (yerel gelistirme araci),20260913,"Tek etiketleyici. mod=ana birincil tur, mod=kalite ayni adaylarin yeniden-test turudur; annotatorlar arasi guvenilirlik DEGILDIR."
a0338,ana,var,belirsiz,yuksek,evet,hayir,,175,2026-09-13T07:30:25.638Z,reports/hafta7_fp_protokolu.md,reports/hafta7_fp_etiket_manifesti.csv,6acdb58f078d49eb,frontend etiketleme.html (yerel gelistirme araci),20260913,"Tek etiketleyici. mod=ana birincil tur, mod=kalite ayni adaylarin yeniden-test turudur; annotatorlar arasi guvenilirlik DEGILDIR."
a0340,ana,var,insan_suphesi,yuksek,evet,hayir,,176,2026-09-13T07:30:28.048Z,reports/hafta7_fp_protokolu.md,reports/hafta7_fp_etiket_manifesti.csv,6acdb58f078d49eb,frontend etiketleme.html (yerel gelistirme araci),20260913,"Tek etiketleyici. mod=ana birincil tur, mod=kalite ayni adaylarin yeniden-test turudur; annotatorlar arasi guvenilirlik DEGILDIR."
a0342,ana,yok,dogal_bitki,yuksek,evet,hayir,,177,2026-09-13T07:30:30.540Z,reports/hafta7_fp_protokolu.md,reports/hafta7_fp_etiket_manifesti.csv,6acdb58f078d49eb,frontend etiketleme.html (yerel gelistirme araci),20260913,"Tek etiketleyici. mod=ana birincil tur, mod=kalite ayni adaylarin yeniden-test turudur; annotatorlar arasi guvenilirlik DEGILDIR."
a0344,ana,yok,dogal_bitki,yuksek,evet,hayir,,178,2026-09-13T07:30:33.291Z,reports/hafta7_fp_protokolu.md,reports/hafta7_fp_etiket_manifesti.csv,6acdb58f078d49eb,frontend etiketleme.html (yerel gelistirme araci),20260913,"Tek etiketleyici. mod=ana birincil tur, mod=kalite ayni adaylarin yeniden-test turudur; annotatorlar arasi guvenilirlik DEGILDIR."
a0346,ana,var,yol_patika,yuksek,evet,hayir,,179,2026-09-13T07:30:35.956Z,reports/hafta7_fp_protokolu.md,reports/hafta7_fp_etiket_manifesti.csv,6acdb58f078d49eb,frontend etiketleme.html (yerel gelistirme araci),20260913,"Tek etiketleyici. mod=ana birincil tur, mod=kalite ayni adaylarin yeniden-test turudur; annotatorlar arasi guvenilirlik DEGILDIR."
a0348,ana,var,dogal_bitki,yuksek,evet,hayir,,180,2026-09-13T07:30:39.311Z,reports/hafta7_fp_protokolu.md,reports/hafta7_fp_etiket_manifesti.csv,6acdb58f078d49eb,frontend etiketleme.html (yerel gelistirme araci),20260913,"Tek etiketleyici. mod=ana birincil tur, mod=kalite ayni adaylarin yeniden-test turudur; annotatorlar arasi guvenilirlik DEGILDIR."
a0350,ana,yok,dogal_bitki,yuksek,evet,hayir,,181,2026-09-13T07:30:43.208Z,reports/hafta7_fp_protokolu.md,reports/hafta7_fp_etiket_manifesti.csv,6acdb58f078d49eb,frontend etiketleme.html (yerel gelistirme araci),20260913,"Tek etiketleyici. mod=ana birincil tur, mod=kalite ayni adaylarin yeniden-test turudur; annotatorlar arasi guvenilirlik DEGILDIR."
a0352,ana,yok,kaya_toprak,yuksek,evet,hayir,,182,2026-09-13T07:30:45.484Z,reports/hafta7_fp_protokolu.md,reports/hafta7_fp_etiket_manifesti.csv,6acdb58f078d49eb,frontend etiketleme.html (yerel gelistirme araci),20260913,"Tek etiketleyici. mod=ana birincil tur, mod=kalite ayni adaylarin yeniden-test turudur; annotatorlar arasi guvenilirlik DEGILDIR."
a0354,ana,var,baska,yuksek,evet,hayir,,183,2026-09-13T07:30:50.646Z,reports/hafta7_fp_protokolu.md,reports/hafta7_fp_etiket_manifesti.csv,6acdb58f078d49eb,frontend etiketleme.html (yerel gelistirme araci),20260913,"Tek etiketleyici. mod=ana birincil tur, mod=kalite ayni adaylarin yeniden-test turudur; annotatorlar arasi guvenilirlik DEGILDIR."
a0356,ana,var,insan_suphesi,yuksek,evet,hayir,,184,2026-09-13T07:30:53.592Z,reports/hafta7_fp_protokolu.md,reports/hafta7_fp_etiket_manifesti.csv,6acdb58f078d49eb,frontend etiketleme.html (yerel gelistirme araci),20260913,"Tek etiketleyici. mod=ana birincil tur, mod=kalite ayni adaylarin yeniden-test turudur; annotatorlar arasi guvenilirlik DEGILDIR."
a0358,ana,yok,dogal_bitki,yuksek,evet,hayir,,185,2026-09-13T07:30:55.953Z,reports/hafta7_fp_protokolu.md,reports/hafta7_fp_etiket_manifesti.csv,6acdb58f078d49eb,frontend etiketleme.html (yerel gelistirme araci),20260913,"Tek etiketleyici. mod=ana birincil tur, mod=kalite ayni adaylarin yeniden-test turudur; annotatorlar arasi guvenilirlik DEGILDIR."
a0360,ana,var,kaya_toprak,yuksek,evet,hayir,,186,2026-09-13T07:30:58.767Z,reports/hafta7_fp_protokolu.md,reports/hafta7_fp_etiket_manifesti.csv,6acdb58f078d49eb,frontend etiketleme.html (yerel gelistirme araci),20260913,"Tek etiketleyici. mod=ana birincil tur, mod=kalite ayni adaylarin yeniden-test turudur; annotatorlar arasi guvenilirlik DEGILDIR."
a0362,ana,yok,kaya_toprak,yuksek,evet,hayir,,187,2026-09-13T07:31:03.282Z,reports/hafta7_fp_protokolu.md,reports/hafta7_fp_etiket_manifesti.csv,6acdb58f078d49eb,frontend etiketleme.html (yerel gelistirme araci),20260913,"Tek etiketleyici. mod=ana birincil tur, mod=kalite ayni adaylarin yeniden-test turudur; annotatorlar arasi guvenilirlik DEGILDIR."
a0364,ana,var,insan_suphesi,yuksek,evet,hayir,,188,2026-09-13T07:31:05.299Z,reports/hafta7_fp_protokolu.md,reports/hafta7_fp_etiket_manifesti.csv,6acdb58f078d49eb,frontend etiketleme.html (yerel gelistirme araci),20260913,"Tek etiketleyici. mod=ana birincil tur, mod=kalite ayni adaylarin yeniden-test turudur; annotatorlar arasi guvenilirlik DEGILDIR."
a0366,ana,yok,kaya_toprak,yuksek,evet,hayir,,189,2026-09-13T07:31:08.240Z,reports/hafta7_fp_protokolu.md,reports/hafta7_fp_etiket_manifesti.csv,6acdb58f078d49eb,frontend etiketleme.html (yerel gelistirme araci),20260913,"Tek etiketleyici. mod=ana birincil tur, mod=kalite ayni adaylarin yeniden-test turudur; annotatorlar arasi guvenilirlik DEGILDIR."
a0368,ana,var,altyapi_ekipman,yuksek,evet,hayir,,190,2026-09-13T07:31:10.970Z,reports/hafta7_fp_protokolu.md,reports/hafta7_fp_etiket_manifesti.csv,6acdb58f078d49eb,frontend etiketleme.html (yerel gelistirme araci),20260913,"Tek etiketleyici. mod=ana birincil tur, mod=kalite ayni adaylarin yeniden-test turudur; annotatorlar arasi guvenilirlik DEGILDIR."
a0370,ana,var,insan_suphesi,yuksek,evet,hayir,,191,2026-09-13T07:31:14.666Z,reports/hafta7_fp_protokolu.md,reports/hafta7_fp_etiket_manifesti.csv,6acdb58f078d49eb,frontend etiketleme.html (yerel gelistirme araci),20260913,"Tek etiketleyici. mod=ana birincil tur, mod=kalite ayni adaylarin yeniden-test turudur; annotatorlar arasi guvenilirlik DEGILDIR."
a0372,ana,var,insan_suphesi,yuksek,evet,hayir,,192,2026-09-13T07:31:17.337Z,reports/hafta7_fp_protokolu.md,reports/hafta7_fp_etiket_manifesti.csv,6acdb58f078d49eb,frontend etiketleme.html (yerel gelistirme araci),20260913,"Tek etiketleyici. mod=ana birincil tur, mod=kalite ayni adaylarin yeniden-test turudur; annotatorlar arasi guvenilirlik DEGILDIR."
a0374,ana,var,insan_suphesi,yuksek,evet,hayir,,193,2026-09-13T07:31:20.268Z,reports/hafta7_fp_protokolu.md,reports/hafta7_fp_etiket_manifesti.csv,6acdb58f078d49eb,frontend etiketleme.html (yerel gelistirme araci),20260913,"Tek etiketleyici. mod=ana birincil tur, mod=kalite ayni adaylarin yeniden-test turudur; annotatorlar arasi guvenilirlik DEGILDIR."
a0376,ana,yok,kaya_toprak,yuksek,evet,hayir,,194,2026-09-13T07:31:25.024Z,reports/hafta7_fp_protokolu.md,reports/hafta7_fp_etiket_manifesti.csv,6acdb58f078d49eb,frontend etiketleme.html (yerel gelistirme araci),20260913,"Tek etiketleyici. mod=ana birincil tur, mod=kalite ayni adaylarin yeniden-test turudur; annotatorlar arasi guvenilirlik DEGILDIR."
a0378,ana,var,insan_suphesi,yuksek,evet,hayir,,195,2026-09-13T07:31:27.096Z,reports/hafta7_fp_protokolu.md,reports/hafta7_fp_etiket_manifesti.csv,6acdb58f078d49eb,frontend etiketleme.html (yerel gelistirme araci),20260913,"Tek etiketleyici. mod=ana birincil tur, mod=kalite ayni adaylarin yeniden-test turudur; annotatorlar arasi guvenilirlik DEGILDIR."
a0380,ana,yok,kaya_toprak,yuksek,evet,hayir,,196,2026-09-13T07:31:29.406Z,reports/hafta7_fp_protokolu.md,reports/hafta7_fp_etiket_manifesti.csv,6acdb58f078d49eb,frontend etiketleme.html (yerel gelistirme araci),20260913,"Tek etiketleyici. mod=ana birincil tur, mod=kalite ayni adaylarin yeniden-test turudur; annotatorlar arasi guvenilirlik DEGILDIR."
a0382,ana,yok,altyapi_ekipman,yuksek,evet,hayir,,197,2026-09-13T07:31:33.781Z,reports/hafta7_fp_protokolu.md,reports/hafta7_fp_etiket_manifesti.csv,6acdb58f078d49eb,frontend etiketleme.html (yerel gelistirme araci),20260913,"Tek etiketleyici. mod=ana birincil tur, mod=kalite ayni adaylarin yeniden-test turudur; annotatorlar arasi guvenilirlik DEGILDIR."
a0384,ana,yok,altyapi_ekipman,yuksek,evet,hayir,,198,2026-09-13T07:31:36.565Z,reports/hafta7_fp_protokolu.md,reports/hafta7_fp_etiket_manifesti.csv,6acdb58f078d49eb,frontend etiketleme.html (yerel gelistirme araci),20260913,"Tek etiketleyici. mod=ana birincil tur, mod=kalite ayni adaylarin yeniden-test turudur; annotatorlar arasi guvenilirlik DEGILDIR."
a0386,ana,var,altyapi_ekipman,yuksek,evet,hayir,,199,2026-09-13T07:31:38.607Z,reports/hafta7_fp_protokolu.md,reports/hafta7_fp_etiket_manifesti.csv,6acdb58f078d49eb,frontend etiketleme.html (yerel gelistirme araci),20260913,"Tek etiketleyici. mod=ana birincil tur, mod=kalite ayni adaylarin yeniden-test turudur; annotatorlar arasi guvenilirlik DEGILDIR."
a0388,ana,var,baska,yuksek,evet,hayir,,200,2026-09-13T07:31:43.452Z,reports/hafta7_fp_protokolu.md,reports/hafta7_fp_etiket_manifesti.csv,6acdb58f078d49eb,frontend etiketleme.html (yerel gelistirme araci),20260913,"Tek etiketleyici. mod=ana birincil tur, mod=kalite ayni adaylarin yeniden-test turudur; annotatorlar arasi guvenilirlik DEGILDIR."
a0390,ana,belirsiz,belirsiz,yuksek,evet,hayir,,201,2026-09-13T07:31:48.734Z,reports/hafta7_fp_protokolu.md,reports/hafta7_fp_etiket_manifesti.csv,6acdb58f078d49eb,frontend etiketleme.html (yerel gelistirme araci),20260913,"Tek etiketleyici. mod=ana birincil tur, mod=kalite ayni adaylarin yeniden-test turudur; annotatorlar arasi guvenilirlik DEGILDIR."
a0392,ana,var,altyapi_ekipman,yuksek,evet,hayir,,202,2026-09-13T07:31:52.527Z,reports/hafta7_fp_protokolu.md,reports/hafta7_fp_etiket_manifesti.csv,6acdb58f078d49eb,frontend etiketleme.html (yerel gelistirme araci),20260913,"Tek etiketleyici. mod=ana birincil tur, mod=kalite ayni adaylarin yeniden-test turudur; annotatorlar arasi guvenilirlik DEGILDIR."
a0394,ana,var,insan_suphesi,yuksek,evet,hayir,,203,2026-09-13T07:31:54.876Z,reports/hafta7_fp_protokolu.md,reports/hafta7_fp_etiket_manifesti.csv,6acdb58f078d49eb,frontend etiketleme.html (yerel gelistirme araci),20260913,"Tek etiketleyici. mod=ana birincil tur, mod=kalite ayni adaylarin yeniden-test turudur; annotatorlar arasi guvenilirlik DEGILDIR."
a0396,ana,var,insan_suphesi,yuksek,evet,hayir,,204,2026-09-13T07:31:58.789Z,reports/hafta7_fp_protokolu.md,reports/hafta7_fp_etiket_manifesti.csv,6acdb58f078d49eb,frontend etiketleme.html (yerel gelistirme araci),20260913,"Tek etiketleyici. mod=ana birincil tur, mod=kalite ayni adaylarin yeniden-test turudur; annotatorlar arasi guvenilirlik DEGILDIR."
a0398,ana,yok,kaya_toprak,yuksek,evet,hayir,,205,2026-09-13T07:32:01.067Z,reports/hafta7_fp_protokolu.md,reports/hafta7_fp_etiket_manifesti.csv,6acdb58f078d49eb,frontend etiketleme.html (yerel gelistirme araci),20260913,"Tek etiketleyici. mod=ana birincil tur, mod=kalite ayni adaylarin yeniden-test turudur; annotatorlar arasi guvenilirlik DEGILDIR."
a0400,ana,var,insan_suphesi,yuksek,evet,hayir,,206,2026-09-13T07:32:03.769Z,reports/hafta7_fp_protokolu.md,reports/hafta7_fp_etiket_manifesti.csv,6acdb58f078d49eb,frontend etiketleme.html (yerel gelistirme araci),20260913,"Tek etiketleyici. mod=ana birincil tur, mod=kalite ayni adaylarin yeniden-test turudur; annotatorlar arasi guvenilirlik DEGILDIR."
a0402,ana,yok,kaya_toprak,yuksek,evet,hayir,,207,2026-09-13T07:32:06.118Z,reports/hafta7_fp_protokolu.md,reports/hafta7_fp_etiket_manifesti.csv,6acdb58f078d49eb,frontend etiketleme.html (yerel gelistirme araci),20260913,"Tek etiketleyici. mod=ana birincil tur, mod=kalite ayni adaylarin yeniden-test turudur; annotatorlar arasi guvenilirlik DEGILDIR."
a0404,ana,yok,yol_patika,yuksek,evet,hayir,,208,2026-09-13T07:32:09.679Z,reports/hafta7_fp_protokolu.md,reports/hafta7_fp_etiket_manifesti.csv,6acdb58f078d49eb,frontend etiketleme.html (yerel gelistirme araci),20260913,"Tek etiketleyici. mod=ana birincil tur, mod=kalite ayni adaylarin yeniden-test turudur; annotatorlar arasi guvenilirlik DEGILDIR."
a0406,ana,var,kaya_toprak,yuksek,evet,hayir,,209,2026-09-13T07:32:12.035Z,reports/hafta7_fp_protokolu.md,reports/hafta7_fp_etiket_manifesti.csv,6acdb58f078d49eb,frontend etiketleme.html (yerel gelistirme araci),20260913,"Tek etiketleyici. mod=ana birincil tur, mod=kalite ayni adaylarin yeniden-test turudur; annotatorlar arasi guvenilirlik DEGILDIR."
a0408,ana,yok,yol_patika,yuksek,evet,hayir,,210,2026-09-13T07:32:14.126Z,reports/hafta7_fp_protokolu.md,reports/hafta7_fp_etiket_manifesti.csv,6acdb58f078d49eb,frontend etiketleme.html (yerel gelistirme araci),20260913,"Tek etiketleyici. mod=ana birincil tur, mod=kalite ayni adaylarin yeniden-test turudur; annotatorlar arasi guvenilirlik DEGILDIR."
a0410,ana,var,insan_suphesi,yuksek,evet,hayir,,211,2026-09-13T07:32:15.892Z,reports/hafta7_fp_protokolu.md,reports/hafta7_fp_etiket_manifesti.csv,6acdb58f078d49eb,frontend etiketleme.html (yerel gelistirme araci),20260913,"Tek etiketleyici. mod=ana birincil tur, mod=kalite ayni adaylarin yeniden-test turudur; annotatorlar arasi guvenilirlik DEGILDIR."
a0412,ana,yok,kaya_toprak,yuksek,evet,hayir,,212,2026-09-13T07:32:18.522Z,reports/hafta7_fp_protokolu.md,reports/hafta7_fp_etiket_manifesti.csv,6acdb58f078d49eb,frontend etiketleme.html (yerel gelistirme araci),20260913,"Tek etiketleyici. mod=ana birincil tur, mod=kalite ayni adaylarin yeniden-test turudur; annotatorlar arasi guvenilirlik DEGILDIR."
a0414,ana,yok,baska,yuksek,evet,hayir,,213,2026-09-13T07:32:22.285Z,reports/hafta7_fp_protokolu.md,reports/hafta7_fp_etiket_manifesti.csv,6acdb58f078d49eb,frontend etiketleme.html (yerel gelistirme araci),20260913,"Tek etiketleyici. mod=ana birincil tur, mod=kalite ayni adaylarin yeniden-test turudur; annotatorlar arasi guvenilirlik DEGILDIR."
a0416,ana,yok,dogal_bitki,yuksek,evet,hayir,,214,2026-09-13T07:32:25.719Z,reports/hafta7_fp_protokolu.md,reports/hafta7_fp_etiket_manifesti.csv,6acdb58f078d49eb,frontend etiketleme.html (yerel gelistirme araci),20260913,"Tek etiketleyici. mod=ana birincil tur, mod=kalite ayni adaylarin yeniden-test turudur; annotatorlar arasi guvenilirlik DEGILDIR."
a0418,ana,var,insan_suphesi,yuksek,evet,hayir,,215,2026-09-13T07:32:28.148Z,reports/hafta7_fp_protokolu.md,reports/hafta7_fp_etiket_manifesti.csv,6acdb58f078d49eb,frontend etiketleme.html (yerel gelistirme araci),20260913,"Tek etiketleyici. mod=ana birincil tur, mod=kalite ayni adaylarin yeniden-test turudur; annotatorlar arasi guvenilirlik DEGILDIR."
a0420,ana,yok,dogal_bitki,yuksek,evet,hayir,,216,2026-09-13T07:32:31.405Z,reports/hafta7_fp_protokolu.md,reports/hafta7_fp_etiket_manifesti.csv,6acdb58f078d49eb,frontend etiketleme.html (yerel gelistirme araci),20260913,"Tek etiketleyici. mod=ana birincil tur, mod=kalite ayni adaylarin yeniden-test turudur; annotatorlar arasi guvenilirlik DEGILDIR."
a0422,ana,var,kaya_toprak,yuksek,evet,hayir,,217,2026-09-13T07:32:34.259Z,reports/hafta7_fp_protokolu.md,reports/hafta7_fp_etiket_manifesti.csv,6acdb58f078d49eb,frontend etiketleme.html (yerel gelistirme araci),20260913,"Tek etiketleyici. mod=ana birincil tur, mod=kalite ayni adaylarin yeniden-test turudur; annotatorlar arasi guvenilirlik DEGILDIR."
a0424,ana,yok,dogal_bitki,yuksek,evet,hayir,,218,2026-09-13T07:32:38.332Z,reports/hafta7_fp_protokolu.md,reports/hafta7_fp_etiket_manifesti.csv,6acdb58f078d49eb,frontend etiketleme.html (yerel gelistirme araci),20260913,"Tek etiketleyici. mod=ana birincil tur, mod=kalite ayni adaylarin yeniden-test turudur; annotatorlar arasi guvenilirlik DEGILDIR."
a0426,ana,yok,dogal_bitki,yuksek,evet,hayir,,219,2026-09-13T07:32:41.273Z,reports/hafta7_fp_protokolu.md,reports/hafta7_fp_etiket_manifesti.csv,6acdb58f078d49eb,frontend etiketleme.html (yerel gelistirme araci),20260913,"Tek etiketleyici. mod=ana birincil tur, mod=kalite ayni adaylarin yeniden-test turudur; annotatorlar arasi guvenilirlik DEGILDIR."
a0428,ana,yok,dogal_bitki,yuksek,evet,hayir,,220,2026-09-13T07:32:43.686Z,reports/hafta7_fp_protokolu.md,reports/hafta7_fp_etiket_manifesti.csv,6acdb58f078d49eb,frontend etiketleme.html (yerel gelistirme araci),20260913,"Tek etiketleyici. mod=ana birincil tur, mod=kalite ayni adaylarin yeniden-test turudur; annotatorlar arasi guvenilirlik DEGILDIR."
a0430,ana,yok,dogal_bitki,yuksek,evet,hayir,,221,2026-09-13T07:32:45.975Z,reports/hafta7_fp_protokolu.md,reports/hafta7_fp_etiket_manifesti.csv,6acdb58f078d49eb,frontend etiketleme.html (yerel gelistirme araci),20260913,"Tek etiketleyici. mod=ana birincil tur, mod=kalite ayni adaylarin yeniden-test turudur; annotatorlar arasi guvenilirlik DEGILDIR."
a0432,ana,var,kaya_toprak,yuksek,evet,hayir,,222,2026-09-13T07:32:48.736Z,reports/hafta7_fp_protokolu.md,reports/hafta7_fp_etiket_manifesti.csv,6acdb58f078d49eb,frontend etiketleme.html (yerel gelistirme araci),20260913,"Tek etiketleyici. mod=ana birincil tur, mod=kalite ayni adaylarin yeniden-test turudur; annotatorlar arasi guvenilirlik DEGILDIR."
a0434,ana,yok,yol_patika,yuksek,evet,hayir,,223,2026-09-13T07:32:51.601Z,reports/hafta7_fp_protokolu.md,reports/hafta7_fp_etiket_manifesti.csv,6acdb58f078d49eb,frontend etiketleme.html (yerel gelistirme araci),20260913,"Tek etiketleyici. mod=ana birincil tur, mod=kalite ayni adaylarin yeniden-test turudur; annotatorlar arasi guvenilirlik DEGILDIR."
a0436,ana,belirsiz,belirsiz,yuksek,evet,hayir,,224,2026-09-13T07:32:58.058Z,reports/hafta7_fp_protokolu.md,reports/hafta7_fp_etiket_manifesti.csv,6acdb58f078d49eb,frontend etiketleme.html (yerel gelistirme araci),20260913,"Tek etiketleyici. mod=ana birincil tur, mod=kalite ayni adaylarin yeniden-test turudur; annotatorlar arasi guvenilirlik DEGILDIR."
a0438,ana,belirsiz,belirsiz,yuksek,evet,hayir,,225,2026-09-13T07:33:03.729Z,reports/hafta7_fp_protokolu.md,reports/hafta7_fp_etiket_manifesti.csv,6acdb58f078d49eb,frontend etiketleme.html (yerel gelistirme araci),20260913,"Tek etiketleyici. mod=ana birincil tur, mod=kalite ayni adaylarin yeniden-test turudur; annotatorlar arasi guvenilirlik DEGILDIR."
a0440,ana,yok,dogal_bitki,yuksek,evet,hayir,,226,2026-09-13T07:33:08.020Z,reports/hafta7_fp_protokolu.md,reports/hafta7_fp_etiket_manifesti.csv,6acdb58f078d49eb,frontend etiketleme.html (yerel gelistirme araci),20260913,"Tek etiketleyici. mod=ana birincil tur, mod=kalite ayni adaylarin yeniden-test turudur; annotatorlar arasi guvenilirlik DEGILDIR."
a0001,kalite,yok,dogal_bitki,yuksek,evet,hayir,,239,2026-09-13T07:33:43.636Z,reports/hafta7_fp_protokolu.md,reports/hafta7_fp_etiket_manifesti.csv,6acdb58f078d49eb,frontend etiketleme.html (yerel gelistirme araci),20260913,"Tek etiketleyici. mod=ana birincil tur, mod=kalite ayni adaylarin yeniden-test turudur; annotatorlar arasi guvenilirlik DEGILDIR."
a0019,kalite,yok,dogal_bitki,yuksek,evet,hayir,,247,2026-09-13T07:34:04.667Z,reports/hafta7_fp_protokolu.md,reports/hafta7_fp_etiket_manifesti.csv,6acdb58f078d49eb,frontend etiketleme.html (yerel gelistirme araci),20260913,"Tek etiketleyici. mod=ana birincil tur, mod=kalite ayni adaylarin yeniden-test turudur; annotatorlar arasi guvenilirlik DEGILDIR."
a0049,kalite,yok,dogal_bitki,yuksek,evet,hayir,,227,2026-09-13T07:33:10.746Z,reports/hafta7_fp_protokolu.md,reports/hafta7_fp_etiket_manifesti.csv,6acdb58f078d49eb,frontend etiketleme.html (yerel gelistirme araci),20260913,"Tek etiketleyici. mod=ana birincil tur, mod=kalite ayni adaylarin yeniden-test turudur; annotatorlar arasi guvenilirlik DEGILDIR."
a0055,kalite,yok,kaya_toprak,yuksek,evet,hayir,,229,2026-09-13T07:33:15.209Z,reports/hafta7_fp_protokolu.md,reports/hafta7_fp_etiket_manifesti.csv,6acdb58f078d49eb,frontend etiketleme.html (yerel gelistirme araci),20260913,"Tek etiketleyici. mod=ana birincil tur, mod=kalite ayni adaylarin yeniden-test turudur; annotatorlar arasi guvenilirlik DEGILDIR."
a0084,kalite,var,altyapi_ekipman,yuksek,evet,hayir,,232,2026-09-13T07:33:25.121Z,reports/hafta7_fp_protokolu.md,reports/hafta7_fp_etiket_manifesti.csv,6acdb58f078d49eb,frontend etiketleme.html (yerel gelistirme araci),20260913,"Tek etiketleyici. mod=ana birincil tur, mod=kalite ayni adaylarin yeniden-test turudur; annotatorlar arasi guvenilirlik DEGILDIR."
a0098,kalite,var,insan_suphesi,yuksek,evet,hayir,,237,2026-09-13T07:33:37.804Z,reports/hafta7_fp_protokolu.md,reports/hafta7_fp_etiket_manifesti.csv,6acdb58f078d49eb,frontend etiketleme.html (yerel gelistirme araci),20260913,"Tek etiketleyici. mod=ana birincil tur, mod=kalite ayni adaylarin yeniden-test turudur; annotatorlar arasi guvenilirlik DEGILDIR."
a0116,kalite,yok,dogal_bitki,yuksek,evet,hayir,,242,2026-09-13T07:33:52.727Z,reports/hafta7_fp_protokolu.md,reports/hafta7_fp_etiket_manifesti.csv,6acdb58f078d49eb,frontend etiketleme.html (yerel gelistirme araci),20260913,"Tek etiketleyici. mod=ana birincil tur, mod=kalite ayni adaylarin yeniden-test turudur; annotatorlar arasi guvenilirlik DEGILDIR."
a0146,kalite,var,yol_patika,yuksek,evet,hayir,,230,2026-09-13T07:33:18.102Z,reports/hafta7_fp_protokolu.md,reports/hafta7_fp_etiket_manifesti.csv,6acdb58f078d49eb,frontend etiketleme.html (yerel gelistirme araci),20260913,"Tek etiketleyici. mod=ana birincil tur, mod=kalite ayni adaylarin yeniden-test turudur; annotatorlar arasi guvenilirlik DEGILDIR."
a0148,kalite,var,altyapi_ekipman,yuksek,evet,hayir,,244,2026-09-13T07:33:56.557Z,reports/hafta7_fp_protokolu.md,reports/hafta7_fp_etiket_manifesti.csv,6acdb58f078d49eb,frontend etiketleme.html (yerel gelistirme araci),20260913,"Tek etiketleyici. mod=ana birincil tur, mod=kalite ayni adaylarin yeniden-test turudur; annotatorlar arasi guvenilirlik DEGILDIR."
a0178,kalite,var,insan_suphesi,yuksek,evet,hayir,,248,2026-09-13T07:34:13.988Z,reports/hafta7_fp_protokolu.md,reports/hafta7_fp_etiket_manifesti.csv,6acdb58f078d49eb,frontend etiketleme.html (yerel gelistirme araci),20260913,"Tek etiketleyici. mod=ana birincil tur, mod=kalite ayni adaylarin yeniden-test turudur; annotatorlar arasi guvenilirlik DEGILDIR."
a0240,kalite,var,insan_suphesi,yuksek,evet,hayir,,241,2026-09-13T07:33:50.154Z,reports/hafta7_fp_protokolu.md,reports/hafta7_fp_etiket_manifesti.csv,6acdb58f078d49eb,frontend etiketleme.html (yerel gelistirme araci),20260913,"Tek etiketleyici. mod=ana birincil tur, mod=kalite ayni adaylarin yeniden-test turudur; annotatorlar arasi guvenilirlik DEGILDIR."
a0272,kalite,yok,kaya_toprak,yuksek,evet,hayir,,236,2026-09-13T07:33:34.860Z,reports/hafta7_fp_protokolu.md,reports/hafta7_fp_etiket_manifesti.csv,6acdb58f078d49eb,frontend etiketleme.html (yerel gelistirme araci),20260913,"Tek etiketleyici. mod=ana birincil tur, mod=kalite ayni adaylarin yeniden-test turudur; annotatorlar arasi guvenilirlik DEGILDIR."
a0280,kalite,yok,kaya_toprak,yuksek,evet,hayir,,235,2026-09-13T07:33:33.196Z,reports/hafta7_fp_protokolu.md,reports/hafta7_fp_etiket_manifesti.csv,6acdb58f078d49eb,frontend etiketleme.html (yerel gelistirme araci),20260913,"Tek etiketleyici. mod=ana birincil tur, mod=kalite ayni adaylarin yeniden-test turudur; annotatorlar arasi guvenilirlik DEGILDIR."
a0293,kalite,yok,dogal_bitki,yuksek,evet,hayir,,243,2026-09-13T07:33:54.639Z,reports/hafta7_fp_protokolu.md,reports/hafta7_fp_etiket_manifesti.csv,6acdb58f078d49eb,frontend etiketleme.html (yerel gelistirme araci),20260913,"Tek etiketleyici. mod=ana birincil tur, mod=kalite ayni adaylarin yeniden-test turudur; annotatorlar arasi guvenilirlik DEGILDIR."
a0334,kalite,yok,dogal_bitki,yuksek,evet,hayir,,228,2026-09-13T07:33:12.942Z,reports/hafta7_fp_protokolu.md,reports/hafta7_fp_etiket_manifesti.csv,6acdb58f078d49eb,frontend etiketleme.html (yerel gelistirme araci),20260913,"Tek etiketleyici. mod=ana birincil tur, mod=kalite ayni adaylarin yeniden-test turudur; annotatorlar arasi guvenilirlik DEGILDIR."
a0379,kalite,var,insan_suphesi,yuksek,evet,hayir,,234,2026-09-13T07:33:30.910Z,reports/hafta7_fp_protokolu.md,reports/hafta7_fp_etiket_manifesti.csv,6acdb58f078d49eb,frontend etiketleme.html (yerel gelistirme araci),20260913,"Tek etiketleyici. mod=ana birincil tur, mod=kalite ayni adaylarin yeniden-test turudur; annotatorlar arasi guvenilirlik DEGILDIR."
a0380,kalite,yok,kaya_toprak,yuksek,evet,hayir,,233,2026-09-13T07:33:27.788Z,reports/hafta7_fp_protokolu.md,reports/hafta7_fp_etiket_manifesti.csv,6acdb58f078d49eb,frontend etiketleme.html (yerel gelistirme araci),20260913,"Tek etiketleyici. mod=ana birincil tur, mod=kalite ayni adaylarin yeniden-test turudur; annotatorlar arasi guvenilirlik DEGILDIR."
a0382,kalite,yok,altyapi_ekipman,yuksek,evet,hayir,,238,2026-09-13T07:33:41.230Z,reports/hafta7_fp_protokolu.md,reports/hafta7_fp_etiket_manifesti.csv,6acdb58f078d49eb,frontend etiketleme.html (yerel gelistirme araci),20260913,"Tek etiketleyici. mod=ana birincil tur, mod=kalite ayni adaylarin yeniden-test turudur; annotatorlar arasi guvenilirlik DEGILDIR."
a0395,kalite,var,insan_suphesi,yuksek,evet,hayir,,231,2026-09-13T07:33:21.089Z,reports/hafta7_fp_protokolu.md,reports/hafta7_fp_etiket_manifesti.csv,6acdb58f078d49eb,frontend etiketleme.html (yerel gelistirme araci),20260913,"Tek etiketleyici. mod=ana birincil tur, mod=kalite ayni adaylarin yeniden-test turudur; annotatorlar arasi guvenilirlik DEGILDIR."
a0403,kalite,yok,dogal_bitki,yuksek,evet,hayir,,240,2026-09-13T07:33:46.907Z,reports/hafta7_fp_protokolu.md,reports/hafta7_fp_etiket_manifesti.csv,6acdb58f078d49eb,frontend etiketleme.html (yerel gelistirme araci),20260913,"Tek etiketleyici. mod=ana birincil tur, mod=kalite ayni adaylarin yeniden-test turudur; annotatorlar arasi guvenilirlik DEGILDIR."
a0419,kalite,yok,dogal_bitki,yuksek,evet,hayir,,245,2026-09-13T07:33:58.861Z,reports/hafta7_fp_protokolu.md,reports/hafta7_fp_etiket_manifesti.csv,6acdb58f078d49eb,frontend etiketleme.html (yerel gelistirme araci),20260913,"Tek etiketleyici. mod=ana birincil tur, mod=kalite ayni adaylarin yeniden-test turudur; annotatorlar arasi guvenilirlik DEGILDIR."
a0426,kalite,yok,dogal_bitki,yuksek,evet,hayir,,246,2026-09-13T07:34:03.217Z,reports/hafta7_fp_protokolu.md,reports/hafta7_fp_etiket_manifesti.csv,6acdb58f078d49eb,frontend etiketleme.html (yerel gelistirme araci),20260913,"Tek etiketleyici. mod=ana birincil tur, mod=kalite ayni adaylarin yeniden-test turudur; annotatorlar arasi guvenilirlik DEGILDIR."
