islem,owner,operator,viewer,uye_olmayan,beklenen_http,gercek_http,gecti_kaldi,test,not,kosu_tarih,kosu_python,kosu_komut,kosu_kapsam_notu
Mission listeleme,200,200,200,200,owner=200 operator=200 viewer=200 uye_olmayan=200,owner=200 operator=200 viewer=200 uye_olmayan=200,gecti,test_uyelik.py::test_uye_olmayan_gorevi_listede_gormez,Uye olmayan da 200 alir ama listesi BOS doner,2026-09-13 00:35:29,3.13.1,python scripts/24_yetki_matrisi.py,"Kodlar GERCEK cagrilardan okundu, elle yazilmadi. Gecici gorev ve kullanicilar olcum sonunda silindi."
Mission goruntuleme,200,200,200,404,owner=200 operator=200 viewer=200 uye_olmayan=404,owner=200 operator=200 viewer=200 uye_olmayan=404,gecti,test_yetki_matrisi.py::test_gorev_ayrintisi_matrisi,,2026-09-13 00:35:29,3.13.1,python scripts/24_yetki_matrisi.py,"Kodlar GERCEK cagrilardan okundu, elle yazilmadi. Gecici gorev ve kullanicilar olcum sonunda silindi."
Uye listeleme,200,200,200,404,owner=200 operator=200 viewer=200 uye_olmayan=404,owner=200 operator=200 viewer=200 uye_olmayan=404,gecti,test_yetki_matrisi.py::test_uye_listesi_matrisi,,2026-09-13 00:35:29,3.13.1,python scripts/24_yetki_matrisi.py,"Kodlar GERCEK cagrilardan okundu, elle yazilmadi. Gecici gorev ve kullanicilar olcum sonunda silindi."
Uye ekleme,201,403,403,404,owner=201 operator=403 viewer=403 uye_olmayan=404,owner=201 operator=403 viewer=403 uye_olmayan=404,gecti,test_yetki_matrisi.py::test_uye_ekleme_matrisi,Her rol icin ayri aday kullanici,2026-09-13 00:35:29,3.13.1,python scripts/24_yetki_matrisi.py,"Kodlar GERCEK cagrilardan okundu, elle yazilmadi. Gecici gorev ve kullanicilar olcum sonunda silindi."
Rol degistirme,200,403,403,404,owner=200 operator=403 viewer=403 uye_olmayan=404,owner=200 operator=403 viewer=403 uye_olmayan=404,gecti,test_yetki_matrisi.py::test_rol_degistirme_matrisi,,2026-09-13 00:35:29,3.13.1,python scripts/24_yetki_matrisi.py,"Kodlar GERCEK cagrilardan okundu, elle yazilmadi. Gecici gorev ve kullanicilar olcum sonunda silindi."
Uye cikarma (son owner),400,403,403,404,owner=400 operator=403 viewer=403 uye_olmayan=404,owner=400 operator=403 viewer=403 uye_olmayan=404,gecti,test_uyelik.py::test_son_owner_cikarilamaz,"owner icin 400: son sahip korumasi devrede, yetki degil kural engeli",2026-09-13 00:35:29,3.13.1,python scripts/24_yetki_matrisi.py,"Kodlar GERCEK cagrilardan okundu, elle yazilmadi. Gecici gorev ve kullanicilar olcum sonunda silindi."
Frame listeleme,200,200,200,404,owner=200 operator=200 viewer=200 uye_olmayan=404,owner=200 operator=200 viewer=200 uye_olmayan=404,gecti,test_yetki_matrisi.py::test_kare_listesi_matrisi,,2026-09-13 00:35:29,3.13.1,python scripts/24_yetki_matrisi.py,"Kodlar GERCEK cagrilardan okundu, elle yazilmadi. Gecici gorev ve kullanicilar olcum sonunda silindi."
Frame ekleme,201,201,403,404,owner=201 operator=201 viewer=403 uye_olmayan=404,owner=201 operator=201 viewer=403 uye_olmayan=404,gecti,test_yetki_matrisi.py::test_kare_ekleme_matrisi,,2026-09-13 00:35:29,3.13.1,python scripts/24_yetki_matrisi.py,"Kodlar GERCEK cagrilardan okundu, elle yazilmadi. Gecici gorev ve kullanicilar olcum sonunda silindi."
Frame goruntu dosyasi,200,200,200,404,owner=200 operator=200 viewer=200 uye_olmayan=404,owner=200 operator=200 viewer=200 uye_olmayan=404,gecti,test_yetki_matrisi.py::test_kare_goruntusu_matrisi,,2026-09-13 00:35:29,3.13.1,python scripts/24_yetki_matrisi.py,"Kodlar GERCEK cagrilardan okundu, elle yazilmadi. Gecici gorev ve kullanicilar olcum sonunda silindi."
Run listeleme,200,200,200,404,owner=200 operator=200 viewer=200 uye_olmayan=404,owner=200 operator=200 viewer=200 uye_olmayan=404,gecti,test_yetki_matrisi.py::test_kosu_listesi_matrisi,,2026-09-13 00:35:29,3.13.1,python scripts/24_yetki_matrisi.py,"Kodlar GERCEK cagrilardan okundu, elle yazilmadi. Gecici gorev ve kullanicilar olcum sonunda silindi."
Run goruntuleme,200,200,200,404,owner=200 operator=200 viewer=200 uye_olmayan=404,owner=200 operator=200 viewer=200 uye_olmayan=404,gecti,test_runs.py::test_baskasinin_kosusunu_gormek_404,,2026-09-13 00:35:29,3.13.1,python scripts/24_yetki_matrisi.py,"Kodlar GERCEK cagrilardan okundu, elle yazilmadi. Gecici gorev ve kullanicilar olcum sonunda silindi."
Detection listeleme,200,200,200,404,owner=200 operator=200 viewer=200 uye_olmayan=404,owner=200 operator=200 viewer=200 uye_olmayan=404,gecti,test_yetki_matrisi.py::test_tespit_listesi_matrisi,,2026-09-13 00:35:29,3.13.1,python scripts/24_yetki_matrisi.py,"Kodlar GERCEK cagrilardan okundu, elle yazilmadi. Gecici gorev ve kullanicilar olcum sonunda silindi."
Review okuma,200,200,200,404,owner=200 operator=200 viewer=200 uye_olmayan=404,owner=200 operator=200 viewer=200 uye_olmayan=404,gecti,test_inceleme.py::test_viewer_incelemeleri_okuyabilir,,2026-09-13 00:35:29,3.13.1,python scripts/24_yetki_matrisi.py,"Kodlar GERCEK cagrilardan okundu, elle yazilmadi. Gecici gorev ve kullanicilar olcum sonunda silindi."
Review yazma,201,201,403,404,owner=201 operator=201 viewer=403 uye_olmayan=404,owner=201 operator=201 viewer=403 uye_olmayan=404,gecti,test_yetki_matrisi.py::test_inceleme_yazma_matrisi,Her inceleyen KENDI kaydini actigi icin ikisi de 201; biri digerini ezmiyor,2026-09-13 00:35:29,3.13.1,python scripts/24_yetki_matrisi.py,"Kodlar GERCEK cagrilardan okundu, elle yazilmadi. Gecici gorev ve kullanicilar olcum sonunda silindi."
Finding okuma,200,200,200,404,owner=200 operator=200 viewer=200 uye_olmayan=404,owner=200 operator=200 viewer=200 uye_olmayan=404,gecti,test_bulgu.py::test_viewer_bulgulari_okuyabilir,,2026-09-13 00:35:29,3.13.1,python scripts/24_yetki_matrisi.py,"Kodlar GERCEK cagrilardan okundu, elle yazilmadi. Gecici gorev ve kullanicilar olcum sonunda silindi."
Finding yazma,201,201,403,404,owner=201 operator=201 viewer=403 uye_olmayan=404,owner=201 operator=201 viewer=403 uye_olmayan=404,gecti,test_yetki_matrisi.py::test_bulgu_olusturma_matrisi,,2026-09-13 00:35:29,3.13.1,python scripts/24_yetki_matrisi.py,"Kodlar GERCEK cagrilardan okundu, elle yazilmadi. Gecici gorev ve kullanicilar olcum sonunda silindi."
Kumeleme calistirma,200,200,403,404,owner=200 operator=200 viewer=403 uye_olmayan=404,owner=200 operator=200 viewer=403 uye_olmayan=404,gecti,test_yetki_matrisi.py::test_kumeleme_calistirma_matrisi,,2026-09-13 00:35:29,3.13.1,python scripts/24_yetki_matrisi.py,"Kodlar GERCEK cagrilardan okundu, elle yazilmadi. Gecici gorev ve kullanicilar olcum sonunda silindi."
AuditLog okuma,200,200,200,404,owner=200 operator=200 viewer=200 uye_olmayan=404,owner=200 operator=200 viewer=200 uye_olmayan=404,gecti,test_denetim.py::test_viewer_denetimi_okuyabilir,,2026-09-13 00:35:29,3.13.1,python scripts/24_yetki_matrisi.py,"Kodlar GERCEK cagrilardan okundu, elle yazilmadi. Gecici gorev ve kullanicilar olcum sonunda silindi."
AuditLog yazma girisimi,405,405,405,405,owner=405 operator=405 viewer=405 uye_olmayan=405,owner=405 operator=405 viewer=405 uye_olmayan=405,gecti,test_yetki_matrisi.py::test_denetim_yazma_hicbir_rolde_mumkun_degil,"Yazma ucu YOK. Uye olmayan da 405 alir: DRF yontem denetimini yetkiden ONCE yapar. Bilgi sizmasi yok, 405 gorevin varligini soylemez",2026-09-13 00:35:29,3.13.1,python scripts/24_yetki_matrisi.py,"Kodlar GERCEK cagrilardan okundu, elle yazilmadi. Gecici gorev ve kullanicilar olcum sonunda silindi."
/media/ ile goruntuye dogrudan erisim,404,404,404,404,hepsi=404 (yol tamamen kapali),kimliksiz=404,gecti,test_yetki_matrisi.py::test_media_yolu_artik_servis_edilmiyor,Hafta 5'te bu yol 200 doneruyordu ve uyelik denetimini dolasiyordu,2026-09-13 00:35:29,3.13.1,python scripts/24_yetki_matrisi.py,"Kodlar GERCEK cagrilardan okundu, elle yazilmadi. Gecici gorev ve kullanicilar olcum sonunda silindi."
