olcu,grup_no,grup_alt,grup_ust,kutu_sayisi,dogru_bulunan_tp,kacirilan_fn,recall,medyan_olcu,nokta_cift_korelasyon,ornek_durumu,kosu_analiz,kosu_olculer,kosu_grup_sayisi,kosu_grup_yontemi,kosu_grup_sinirlari,kosu_korelasyon_tanimi,kosu_conf_esigi,kosu_girdi_dosyasi,kosu_kutu_sayisi,kosu_az_ornek_esigi,kosu_yetersiz_ornek_esigi,kosu_not_,kosu_surum_python,kosu_surum_ultralytics,kosu_surum_sahi,kosu_surum_torch,kosu_tarih,kosu_komut
min_kenar_px,1,,40.7,615,117,498,0.1902,36.0,0.1872,yeterli,genisletilmis olcu karsilastirmasi,"min_kenar_px, maks_kenar_px, yukseklik_genislik_orani, kutu_genislik_px, kutu_yukseklik_px, alan_px2",5,her olcunun kendi dagiliminin besli ceyrekleri,"min_kenar_px: 40.7, 48.0, 56.0, 66.0; maks_kenar_px: 53.0, 65.0, 77.0, 93.0; yukseklik_genislik_orani: 0.711, 0.900, 1.087, 1.384; kutu_genislik_px: 45.0, 55.0, 66.0, 81.0; kutu_yukseklik_px: 44.0, 55.0, 65.0, 80.0; alan_px2: 2254.0, 3195.0, 4300.0, 5921.2",nokta-cift (olcu ile ikili eslesti degiskeni arasinda Pearson),0.3,kutu_bazinda_sonuc.csv,3073,100,50,model taramasi yapilmadi; tum sayilar kutu bazinda kayittan turetildi,3.13.1,8.4.144,0.12.6,2.14.0,2026-09-11 12:53:04,scripts/09_yukseklik_kontrol.py
min_kenar_px,2,40.7,48.0,639,176,463,0.2754,44.0,0.1872,yeterli,genisletilmis olcu karsilastirmasi,"min_kenar_px, maks_kenar_px, yukseklik_genislik_orani, kutu_genislik_px, kutu_yukseklik_px, alan_px2",5,her olcunun kendi dagiliminin besli ceyrekleri,"min_kenar_px: 40.7, 48.0, 56.0, 66.0; maks_kenar_px: 53.0, 65.0, 77.0, 93.0; yukseklik_genislik_orani: 0.711, 0.900, 1.087, 1.384; kutu_genislik_px: 45.0, 55.0, 66.0, 81.0; kutu_yukseklik_px: 44.0, 55.0, 65.0, 80.0; alan_px2: 2254.0, 3195.0, 4300.0, 5921.2",nokta-cift (olcu ile ikili eslesti degiskeni arasinda Pearson),0.3,kutu_bazinda_sonuc.csv,3073,100,50,model taramasi yapilmadi; tum sayilar kutu bazinda kayittan turetildi,3.13.1,8.4.144,0.12.6,2.14.0,2026-09-11 12:53:04,scripts/09_yukseklik_kontrol.py
min_kenar_px,3,48.0,56.0,609,184,425,0.3021,52.0,0.1872,yeterli,genisletilmis olcu karsilastirmasi,"min_kenar_px, maks_kenar_px, yukseklik_genislik_orani, kutu_genislik_px, kutu_yukseklik_px, alan_px2",5,her olcunun kendi dagiliminin besli ceyrekleri,"min_kenar_px: 40.7, 48.0, 56.0, 66.0; maks_kenar_px: 53.0, 65.0, 77.0, 93.0; yukseklik_genislik_orani: 0.711, 0.900, 1.087, 1.384; kutu_genislik_px: 45.0, 55.0, 66.0, 81.0; kutu_yukseklik_px: 44.0, 55.0, 65.0, 80.0; alan_px2: 2254.0, 3195.0, 4300.0, 5921.2",nokta-cift (olcu ile ikili eslesti degiskeni arasinda Pearson),0.3,kutu_bazinda_sonuc.csv,3073,100,50,model taramasi yapilmadi; tum sayilar kutu bazinda kayittan turetildi,3.13.1,8.4.144,0.12.6,2.14.0,2026-09-11 12:53:04,scripts/09_yukseklik_kontrol.py
min_kenar_px,4,56.0,66.0,612,224,388,0.366,61.0,0.1872,yeterli,genisletilmis olcu karsilastirmasi,"min_kenar_px, maks_kenar_px, yukseklik_genislik_orani, kutu_genislik_px, kutu_yukseklik_px, alan_px2",5,her olcunun kendi dagiliminin besli ceyrekleri,"min_kenar_px: 40.7, 48.0, 56.0, 66.0; maks_kenar_px: 53.0, 65.0, 77.0, 93.0; yukseklik_genislik_orani: 0.711, 0.900, 1.087, 1.384; kutu_genislik_px: 45.0, 55.0, 66.0, 81.0; kutu_yukseklik_px: 44.0, 55.0, 65.0, 80.0; alan_px2: 2254.0, 3195.0, 4300.0, 5921.2",nokta-cift (olcu ile ikili eslesti degiskeni arasinda Pearson),0.3,kutu_bazinda_sonuc.csv,3073,100,50,model taramasi yapilmadi; tum sayilar kutu bazinda kayittan turetildi,3.13.1,8.4.144,0.12.6,2.14.0,2026-09-11 12:53:04,scripts/09_yukseklik_kontrol.py
min_kenar_px,5,66.0,,598,270,328,0.4515,75.0,0.1872,yeterli,genisletilmis olcu karsilastirmasi,"min_kenar_px, maks_kenar_px, yukseklik_genislik_orani, kutu_genislik_px, kutu_yukseklik_px, alan_px2",5,her olcunun kendi dagiliminin besli ceyrekleri,"min_kenar_px: 40.7, 48.0, 56.0, 66.0; maks_kenar_px: 53.0, 65.0, 77.0, 93.0; yukseklik_genislik_orani: 0.711, 0.900, 1.087, 1.384; kutu_genislik_px: 45.0, 55.0, 66.0, 81.0; kutu_yukseklik_px: 44.0, 55.0, 65.0, 80.0; alan_px2: 2254.0, 3195.0, 4300.0, 5921.2",nokta-cift (olcu ile ikili eslesti degiskeni arasinda Pearson),0.3,kutu_bazinda_sonuc.csv,3073,100,50,model taramasi yapilmadi; tum sayilar kutu bazinda kayittan turetildi,3.13.1,8.4.144,0.12.6,2.14.0,2026-09-11 12:53:04,scripts/09_yukseklik_kontrol.py
maks_kenar_px,1,,53.0,625,85,540,0.136,46.0,0.2378,yeterli,genisletilmis olcu karsilastirmasi,"min_kenar_px, maks_kenar_px, yukseklik_genislik_orani, kutu_genislik_px, kutu_yukseklik_px, alan_px2",5,her olcunun kendi dagiliminin besli ceyrekleri,"min_kenar_px: 40.7, 48.0, 56.0, 66.0; maks_kenar_px: 53.0, 65.0, 77.0, 93.0; yukseklik_genislik_orani: 0.711, 0.900, 1.087, 1.384; kutu_genislik_px: 45.0, 55.0, 66.0, 81.0; kutu_yukseklik_px: 44.0, 55.0, 65.0, 80.0; alan_px2: 2254.0, 3195.0, 4300.0, 5921.2",nokta-cift (olcu ile ikili eslesti degiskeni arasinda Pearson),0.3,kutu_bazinda_sonuc.csv,3073,100,50,model taramasi yapilmadi; tum sayilar kutu bazinda kayittan turetildi,3.13.1,8.4.144,0.12.6,2.14.0,2026-09-11 12:53:04,scripts/09_yukseklik_kontrol.py
maks_kenar_px,2,53.0,65.0,619,166,453,0.2682,59.0,0.2378,yeterli,genisletilmis olcu karsilastirmasi,"min_kenar_px, maks_kenar_px, yukseklik_genislik_orani, kutu_genislik_px, kutu_yukseklik_px, alan_px2",5,her olcunun kendi dagiliminin besli ceyrekleri,"min_kenar_px: 40.7, 48.0, 56.0, 66.0; maks_kenar_px: 53.0, 65.0, 77.0, 93.0; yukseklik_genislik_orani: 0.711, 0.900, 1.087, 1.384; kutu_genislik_px: 45.0, 55.0, 66.0, 81.0; kutu_yukseklik_px: 44.0, 55.0, 65.0, 80.0; alan_px2: 2254.0, 3195.0, 4300.0, 5921.2",nokta-cift (olcu ile ikili eslesti degiskeni arasinda Pearson),0.3,kutu_bazinda_sonuc.csv,3073,100,50,model taramasi yapilmadi; tum sayilar kutu bazinda kayittan turetildi,3.13.1,8.4.144,0.12.6,2.14.0,2026-09-11 12:53:04,scripts/09_yukseklik_kontrol.py
maks_kenar_px,3,65.0,77.0,624,201,423,0.3221,72.0,0.2378,yeterli,genisletilmis olcu karsilastirmasi,"min_kenar_px, maks_kenar_px, yukseklik_genislik_orani, kutu_genislik_px, kutu_yukseklik_px, alan_px2",5,her olcunun kendi dagiliminin besli ceyrekleri,"min_kenar_px: 40.7, 48.0, 56.0, 66.0; maks_kenar_px: 53.0, 65.0, 77.0, 93.0; yukseklik_genislik_orani: 0.711, 0.900, 1.087, 1.384; kutu_genislik_px: 45.0, 55.0, 66.0, 81.0; kutu_yukseklik_px: 44.0, 55.0, 65.0, 80.0; alan_px2: 2254.0, 3195.0, 4300.0, 5921.2",nokta-cift (olcu ile ikili eslesti degiskeni arasinda Pearson),0.3,kutu_bazinda_sonuc.csv,3073,100,50,model taramasi yapilmadi; tum sayilar kutu bazinda kayittan turetildi,3.13.1,8.4.144,0.12.6,2.14.0,2026-09-11 12:53:04,scripts/09_yukseklik_kontrol.py
maks_kenar_px,4,77.0,93.0,621,246,375,0.3961,84.0,0.2378,yeterli,genisletilmis olcu karsilastirmasi,"min_kenar_px, maks_kenar_px, yukseklik_genislik_orani, kutu_genislik_px, kutu_yukseklik_px, alan_px2",5,her olcunun kendi dagiliminin besli ceyrekleri,"min_kenar_px: 40.7, 48.0, 56.0, 66.0; maks_kenar_px: 53.0, 65.0, 77.0, 93.0; yukseklik_genislik_orani: 0.711, 0.900, 1.087, 1.384; kutu_genislik_px: 45.0, 55.0, 66.0, 81.0; kutu_yukseklik_px: 44.0, 55.0, 65.0, 80.0; alan_px2: 2254.0, 3195.0, 4300.0, 5921.2",nokta-cift (olcu ile ikili eslesti degiskeni arasinda Pearson),0.3,kutu_bazinda_sonuc.csv,3073,100,50,model taramasi yapilmadi; tum sayilar kutu bazinda kayittan turetildi,3.13.1,8.4.144,0.12.6,2.14.0,2026-09-11 12:53:04,scripts/09_yukseklik_kontrol.py
maks_kenar_px,5,93.0,,584,273,311,0.4675,109.0,0.2378,yeterli,genisletilmis olcu karsilastirmasi,"min_kenar_px, maks_kenar_px, yukseklik_genislik_orani, kutu_genislik_px, kutu_yukseklik_px, alan_px2",5,her olcunun kendi dagiliminin besli ceyrekleri,"min_kenar_px: 40.7, 48.0, 56.0, 66.0; maks_kenar_px: 53.0, 65.0, 77.0, 93.0; yukseklik_genislik_orani: 0.711, 0.900, 1.087, 1.384; kutu_genislik_px: 45.0, 55.0, 66.0, 81.0; kutu_yukseklik_px: 44.0, 55.0, 65.0, 80.0; alan_px2: 2254.0, 3195.0, 4300.0, 5921.2",nokta-cift (olcu ile ikili eslesti degiskeni arasinda Pearson),0.3,kutu_bazinda_sonuc.csv,3073,100,50,model taramasi yapilmadi; tum sayilar kutu bazinda kayittan turetildi,3.13.1,8.4.144,0.12.6,2.14.0,2026-09-11 12:53:04,scripts/09_yukseklik_kontrol.py
yukseklik_genislik_orani,1,,0.711,615,128,487,0.2081,0.6,0.2809,yeterli,genisletilmis olcu karsilastirmasi,"min_kenar_px, maks_kenar_px, yukseklik_genislik_orani, kutu_genislik_px, kutu_yukseklik_px, alan_px2",5,her olcunun kendi dagiliminin besli ceyrekleri,"min_kenar_px: 40.7, 48.0, 56.0, 66.0; maks_kenar_px: 53.0, 65.0, 77.0, 93.0; yukseklik_genislik_orani: 0.711, 0.900, 1.087, 1.384; kutu_genislik_px: 45.0, 55.0, 66.0, 81.0; kutu_yukseklik_px: 44.0, 55.0, 65.0, 80.0; alan_px2: 2254.0, 3195.0, 4300.0, 5921.2",nokta-cift (olcu ile ikili eslesti degiskeni arasinda Pearson),0.3,kutu_bazinda_sonuc.csv,3073,100,50,model taramasi yapilmadi; tum sayilar kutu bazinda kayittan turetildi,3.13.1,8.4.144,0.12.6,2.14.0,2026-09-11 12:53:04,scripts/09_yukseklik_kontrol.py
yukseklik_genislik_orani,2,0.711,0.9,618,130,488,0.2104,0.811,0.2809,yeterli,genisletilmis olcu karsilastirmasi,"min_kenar_px, maks_kenar_px, yukseklik_genislik_orani, kutu_genislik_px, kutu_yukseklik_px, alan_px2",5,her olcunun kendi dagiliminin besli ceyrekleri,"min_kenar_px: 40.7, 48.0, 56.0, 66.0; maks_kenar_px: 53.0, 65.0, 77.0, 93.0; yukseklik_genislik_orani: 0.711, 0.900, 1.087, 1.384; kutu_genislik_px: 45.0, 55.0, 66.0, 81.0; kutu_yukseklik_px: 44.0, 55.0, 65.0, 80.0; alan_px2: 2254.0, 3195.0, 4300.0, 5921.2",nokta-cift (olcu ile ikili eslesti degiskeni arasinda Pearson),0.3,kutu_bazinda_sonuc.csv,3073,100,50,model taramasi yapilmadi; tum sayilar kutu bazinda kayittan turetildi,3.13.1,8.4.144,0.12.6,2.14.0,2026-09-11 12:53:04,scripts/09_yukseklik_kontrol.py
yukseklik_genislik_orani,3,0.9,1.087,611,165,446,0.27,0.985,0.2809,yeterli,genisletilmis olcu karsilastirmasi,"min_kenar_px, maks_kenar_px, yukseklik_genislik_orani, kutu_genislik_px, kutu_yukseklik_px, alan_px2",5,her olcunun kendi dagiliminin besli ceyrekleri,"min_kenar_px: 40.7, 48.0, 56.0, 66.0; maks_kenar_px: 53.0, 65.0, 77.0, 93.0; yukseklik_genislik_orani: 0.711, 0.900, 1.087, 1.384; kutu_genislik_px: 45.0, 55.0, 66.0, 81.0; kutu_yukseklik_px: 44.0, 55.0, 65.0, 80.0; alan_px2: 2254.0, 3195.0, 4300.0, 5921.2",nokta-cift (olcu ile ikili eslesti degiskeni arasinda Pearson),0.3,kutu_bazinda_sonuc.csv,3073,100,50,model taramasi yapilmadi; tum sayilar kutu bazinda kayittan turetildi,3.13.1,8.4.144,0.12.6,2.14.0,2026-09-11 12:53:04,scripts/09_yukseklik_kontrol.py
yukseklik_genislik_orani,4,1.087,1.384,614,207,407,0.3371,1.209,0.2809,yeterli,genisletilmis olcu karsilastirmasi,"min_kenar_px, maks_kenar_px, yukseklik_genislik_orani, kutu_genislik_px, kutu_yukseklik_px, alan_px2",5,her olcunun kendi dagiliminin besli ceyrekleri,"min_kenar_px: 40.7, 48.0, 56.0, 66.0; maks_kenar_px: 53.0, 65.0, 77.0, 93.0; yukseklik_genislik_orani: 0.711, 0.900, 1.087, 1.384; kutu_genislik_px: 45.0, 55.0, 66.0, 81.0; kutu_yukseklik_px: 44.0, 55.0, 65.0, 80.0; alan_px2: 2254.0, 3195.0, 4300.0, 5921.2",nokta-cift (olcu ile ikili eslesti degiskeni arasinda Pearson),0.3,kutu_bazinda_sonuc.csv,3073,100,50,model taramasi yapilmadi; tum sayilar kutu bazinda kayittan turetildi,3.13.1,8.4.144,0.12.6,2.14.0,2026-09-11 12:53:04,scripts/09_yukseklik_kontrol.py
yukseklik_genislik_orani,5,1.384,,615,341,274,0.5545,1.667,0.2809,yeterli,genisletilmis olcu karsilastirmasi,"min_kenar_px, maks_kenar_px, yukseklik_genislik_orani, kutu_genislik_px, kutu_yukseklik_px, alan_px2",5,her olcunun kendi dagiliminin besli ceyrekleri,"min_kenar_px: 40.7, 48.0, 56.0, 66.0; maks_kenar_px: 53.0, 65.0, 77.0, 93.0; yukseklik_genislik_orani: 0.711, 0.900, 1.087, 1.384; kutu_genislik_px: 45.0, 55.0, 66.0, 81.0; kutu_yukseklik_px: 44.0, 55.0, 65.0, 80.0; alan_px2: 2254.0, 3195.0, 4300.0, 5921.2",nokta-cift (olcu ile ikili eslesti degiskeni arasinda Pearson),0.3,kutu_bazinda_sonuc.csv,3073,100,50,model taramasi yapilmadi; tum sayilar kutu bazinda kayittan turetildi,3.13.1,8.4.144,0.12.6,2.14.0,2026-09-11 12:53:04,scripts/09_yukseklik_kontrol.py
kutu_genislik_px,1,,45.0,630,172,458,0.273,39.0,0.0438,yeterli,genisletilmis olcu karsilastirmasi,"min_kenar_px, maks_kenar_px, yukseklik_genislik_orani, kutu_genislik_px, kutu_yukseklik_px, alan_px2",5,her olcunun kendi dagiliminin besli ceyrekleri,"min_kenar_px: 40.7, 48.0, 56.0, 66.0; maks_kenar_px: 53.0, 65.0, 77.0, 93.0; yukseklik_genislik_orani: 0.711, 0.900, 1.087, 1.384; kutu_genislik_px: 45.0, 55.0, 66.0, 81.0; kutu_yukseklik_px: 44.0, 55.0, 65.0, 80.0; alan_px2: 2254.0, 3195.0, 4300.0, 5921.2",nokta-cift (olcu ile ikili eslesti degiskeni arasinda Pearson),0.3,kutu_bazinda_sonuc.csv,3073,100,50,model taramasi yapilmadi; tum sayilar kutu bazinda kayittan turetildi,3.13.1,8.4.144,0.12.6,2.14.0,2026-09-11 12:53:04,scripts/09_yukseklik_kontrol.py
kutu_genislik_px,2,45.0,55.0,627,187,440,0.2982,50.0,0.0438,yeterli,genisletilmis olcu karsilastirmasi,"min_kenar_px, maks_kenar_px, yukseklik_genislik_orani, kutu_genislik_px, kutu_yukseklik_px, alan_px2",5,her olcunun kendi dagiliminin besli ceyrekleri,"min_kenar_px: 40.7, 48.0, 56.0, 66.0; maks_kenar_px: 53.0, 65.0, 77.0, 93.0; yukseklik_genislik_orani: 0.711, 0.900, 1.087, 1.384; kutu_genislik_px: 45.0, 55.0, 66.0, 81.0; kutu_yukseklik_px: 44.0, 55.0, 65.0, 80.0; alan_px2: 2254.0, 3195.0, 4300.0, 5921.2",nokta-cift (olcu ile ikili eslesti degiskeni arasinda Pearson),0.3,kutu_bazinda_sonuc.csv,3073,100,50,model taramasi yapilmadi; tum sayilar kutu bazinda kayittan turetildi,3.13.1,8.4.144,0.12.6,2.14.0,2026-09-11 12:53:04,scripts/09_yukseklik_kontrol.py
kutu_genislik_px,3,55.0,66.0,597,205,392,0.3434,61.0,0.0438,yeterli,genisletilmis olcu karsilastirmasi,"min_kenar_px, maks_kenar_px, yukseklik_genislik_orani, kutu_genislik_px, kutu_yukseklik_px, alan_px2",5,her olcunun kendi dagiliminin besli ceyrekleri,"min_kenar_px: 40.7, 48.0, 56.0, 66.0; maks_kenar_px: 53.0, 65.0, 77.0, 93.0; yukseklik_genislik_orani: 0.711, 0.900, 1.087, 1.384; kutu_genislik_px: 45.0, 55.0, 66.0, 81.0; kutu_yukseklik_px: 44.0, 55.0, 65.0, 80.0; alan_px2: 2254.0, 3195.0, 4300.0, 5921.2",nokta-cift (olcu ile ikili eslesti degiskeni arasinda Pearson),0.3,kutu_bazinda_sonuc.csv,3073,100,50,model taramasi yapilmadi; tum sayilar kutu bazinda kayittan turetildi,3.13.1,8.4.144,0.12.6,2.14.0,2026-09-11 12:53:04,scripts/09_yukseklik_kontrol.py
kutu_genislik_px,4,66.0,81.0,610,205,405,0.3361,73.0,0.0438,yeterli,genisletilmis olcu karsilastirmasi,"min_kenar_px, maks_kenar_px, yukseklik_genislik_orani, kutu_genislik_px, kutu_yukseklik_px, alan_px2",5,her olcunun kendi dagiliminin besli ceyrekleri,"min_kenar_px: 40.7, 48.0, 56.0, 66.0; maks_kenar_px: 53.0, 65.0, 77.0, 93.0; yukseklik_genislik_orani: 0.711, 0.900, 1.087, 1.384; kutu_genislik_px: 45.0, 55.0, 66.0, 81.0; kutu_yukseklik_px: 44.0, 55.0, 65.0, 80.0; alan_px2: 2254.0, 3195.0, 4300.0, 5921.2",nokta-cift (olcu ile ikili eslesti degiskeni arasinda Pearson),0.3,kutu_bazinda_sonuc.csv,3073,100,50,model taramasi yapilmadi; tum sayilar kutu bazinda kayittan turetildi,3.13.1,8.4.144,0.12.6,2.14.0,2026-09-11 12:53:04,scripts/09_yukseklik_kontrol.py
kutu_genislik_px,5,81.0,,609,202,407,0.3317,95.0,0.0438,yeterli,genisletilmis olcu karsilastirmasi,"min_kenar_px, maks_kenar_px, yukseklik_genislik_orani, kutu_genislik_px, kutu_yukseklik_px, alan_px2",5,her olcunun kendi dagiliminin besli ceyrekleri,"min_kenar_px: 40.7, 48.0, 56.0, 66.0; maks_kenar_px: 53.0, 65.0, 77.0, 93.0; yukseklik_genislik_orani: 0.711, 0.900, 1.087, 1.384; kutu_genislik_px: 45.0, 55.0, 66.0, 81.0; kutu_yukseklik_px: 44.0, 55.0, 65.0, 80.0; alan_px2: 2254.0, 3195.0, 4300.0, 5921.2",nokta-cift (olcu ile ikili eslesti degiskeni arasinda Pearson),0.3,kutu_bazinda_sonuc.csv,3073,100,50,model taramasi yapilmadi; tum sayilar kutu bazinda kayittan turetildi,3.13.1,8.4.144,0.12.6,2.14.0,2026-09-11 12:53:04,scripts/09_yukseklik_kontrol.py
kutu_yukseklik_px,1,,44.0,632,71,561,0.1123,39.0,0.3258,yeterli,genisletilmis olcu karsilastirmasi,"min_kenar_px, maks_kenar_px, yukseklik_genislik_orani, kutu_genislik_px, kutu_yukseklik_px, alan_px2",5,her olcunun kendi dagiliminin besli ceyrekleri,"min_kenar_px: 40.7, 48.0, 56.0, 66.0; maks_kenar_px: 53.0, 65.0, 77.0, 93.0; yukseklik_genislik_orani: 0.711, 0.900, 1.087, 1.384; kutu_genislik_px: 45.0, 55.0, 66.0, 81.0; kutu_yukseklik_px: 44.0, 55.0, 65.0, 80.0; alan_px2: 2254.0, 3195.0, 4300.0, 5921.2",nokta-cift (olcu ile ikili eslesti degiskeni arasinda Pearson),0.3,kutu_bazinda_sonuc.csv,3073,100,50,model taramasi yapilmadi; tum sayilar kutu bazinda kayittan turetildi,3.13.1,8.4.144,0.12.6,2.14.0,2026-09-11 12:53:04,scripts/09_yukseklik_kontrol.py
kutu_yukseklik_px,2,44.0,55.0,637,133,504,0.2088,51.0,0.3258,yeterli,genisletilmis olcu karsilastirmasi,"min_kenar_px, maks_kenar_px, yukseklik_genislik_orani, kutu_genislik_px, kutu_yukseklik_px, alan_px2",5,her olcunun kendi dagiliminin besli ceyrekleri,"min_kenar_px: 40.7, 48.0, 56.0, 66.0; maks_kenar_px: 53.0, 65.0, 77.0, 93.0; yukseklik_genislik_orani: 0.711, 0.900, 1.087, 1.384; kutu_genislik_px: 45.0, 55.0, 66.0, 81.0; kutu_yukseklik_px: 44.0, 55.0, 65.0, 80.0; alan_px2: 2254.0, 3195.0, 4300.0, 5921.2",nokta-cift (olcu ile ikili eslesti degiskeni arasinda Pearson),0.3,kutu_bazinda_sonuc.csv,3073,100,50,model taramasi yapilmadi; tum sayilar kutu bazinda kayittan turetildi,3.13.1,8.4.144,0.12.6,2.14.0,2026-09-11 12:53:04,scripts/09_yukseklik_kontrol.py
kutu_yukseklik_px,3,55.0,65.0,602,182,420,0.3023,60.0,0.3258,yeterli,genisletilmis olcu karsilastirmasi,"min_kenar_px, maks_kenar_px, yukseklik_genislik_orani, kutu_genislik_px, kutu_yukseklik_px, alan_px2",5,her olcunun kendi dagiliminin besli ceyrekleri,"min_kenar_px: 40.7, 48.0, 56.0, 66.0; maks_kenar_px: 53.0, 65.0, 77.0, 93.0; yukseklik_genislik_orani: 0.711, 0.900, 1.087, 1.384; kutu_genislik_px: 45.0, 55.0, 66.0, 81.0; kutu_yukseklik_px: 44.0, 55.0, 65.0, 80.0; alan_px2: 2254.0, 3195.0, 4300.0, 5921.2",nokta-cift (olcu ile ikili eslesti degiskeni arasinda Pearson),0.3,kutu_bazinda_sonuc.csv,3073,100,50,model taramasi yapilmadi; tum sayilar kutu bazinda kayittan turetildi,3.13.1,8.4.144,0.12.6,2.14.0,2026-09-11 12:53:04,scripts/09_yukseklik_kontrol.py
kutu_yukseklik_px,4,65.0,80.0,611,255,356,0.4173,72.0,0.3258,yeterli,genisletilmis olcu karsilastirmasi,"min_kenar_px, maks_kenar_px, yukseklik_genislik_orani, kutu_genislik_px, kutu_yukseklik_px, alan_px2",5,her olcunun kendi dagiliminin besli ceyrekleri,"min_kenar_px: 40.7, 48.0, 56.0, 66.0; maks_kenar_px: 53.0, 65.0, 77.0, 93.0; yukseklik_genislik_orani: 0.711, 0.900, 1.087, 1.384; kutu_genislik_px: 45.0, 55.0, 66.0, 81.0; kutu_yukseklik_px: 44.0, 55.0, 65.0, 80.0; alan_px2: 2254.0, 3195.0, 4300.0, 5921.2",nokta-cift (olcu ile ikili eslesti degiskeni arasinda Pearson),0.3,kutu_bazinda_sonuc.csv,3073,100,50,model taramasi yapilmadi; tum sayilar kutu bazinda kayittan turetildi,3.13.1,8.4.144,0.12.6,2.14.0,2026-09-11 12:53:04,scripts/09_yukseklik_kontrol.py
kutu_yukseklik_px,5,80.0,,591,330,261,0.5584,95.0,0.3258,yeterli,genisletilmis olcu karsilastirmasi,"min_kenar_px, maks_kenar_px, yukseklik_genislik_orani, kutu_genislik_px, kutu_yukseklik_px, alan_px2",5,her olcunun kendi dagiliminin besli ceyrekleri,"min_kenar_px: 40.7, 48.0, 56.0, 66.0; maks_kenar_px: 53.0, 65.0, 77.0, 93.0; yukseklik_genislik_orani: 0.711, 0.900, 1.087, 1.384; kutu_genislik_px: 45.0, 55.0, 66.0, 81.0; kutu_yukseklik_px: 44.0, 55.0, 65.0, 80.0; alan_px2: 2254.0, 3195.0, 4300.0, 5921.2",nokta-cift (olcu ile ikili eslesti degiskeni arasinda Pearson),0.3,kutu_bazinda_sonuc.csv,3073,100,50,model taramasi yapilmadi; tum sayilar kutu bazinda kayittan turetildi,3.13.1,8.4.144,0.12.6,2.14.0,2026-09-11 12:53:04,scripts/09_yukseklik_kontrol.py
alan_px2,1,,2254.0,617,95,522,0.154,1702.0,0.215,yeterli,genisletilmis olcu karsilastirmasi,"min_kenar_px, maks_kenar_px, yukseklik_genislik_orani, kutu_genislik_px, kutu_yukseklik_px, alan_px2",5,her olcunun kendi dagiliminin besli ceyrekleri,"min_kenar_px: 40.7, 48.0, 56.0, 66.0; maks_kenar_px: 53.0, 65.0, 77.0, 93.0; yukseklik_genislik_orani: 0.711, 0.900, 1.087, 1.384; kutu_genislik_px: 45.0, 55.0, 66.0, 81.0; kutu_yukseklik_px: 44.0, 55.0, 65.0, 80.0; alan_px2: 2254.0, 3195.0, 4300.0, 5921.2",nokta-cift (olcu ile ikili eslesti degiskeni arasinda Pearson),0.3,kutu_bazinda_sonuc.csv,3073,100,50,model taramasi yapilmadi; tum sayilar kutu bazinda kayittan turetildi,3.13.1,8.4.144,0.12.6,2.14.0,2026-09-11 12:53:04,scripts/09_yukseklik_kontrol.py
alan_px2,2,2254.0,3195.0,613,159,454,0.2594,2726.0,0.215,yeterli,genisletilmis olcu karsilastirmasi,"min_kenar_px, maks_kenar_px, yukseklik_genislik_orani, kutu_genislik_px, kutu_yukseklik_px, alan_px2",5,her olcunun kendi dagiliminin besli ceyrekleri,"min_kenar_px: 40.7, 48.0, 56.0, 66.0; maks_kenar_px: 53.0, 65.0, 77.0, 93.0; yukseklik_genislik_orani: 0.711, 0.900, 1.087, 1.384; kutu_genislik_px: 45.0, 55.0, 66.0, 81.0; kutu_yukseklik_px: 44.0, 55.0, 65.0, 80.0; alan_px2: 2254.0, 3195.0, 4300.0, 5921.2",nokta-cift (olcu ile ikili eslesti degiskeni arasinda Pearson),0.3,kutu_bazinda_sonuc.csv,3073,100,50,model taramasi yapilmadi; tum sayilar kutu bazinda kayittan turetildi,3.13.1,8.4.144,0.12.6,2.14.0,2026-09-11 12:53:04,scripts/09_yukseklik_kontrol.py
alan_px2,3,3195.0,4300.0,617,192,425,0.3112,3696.0,0.215,yeterli,genisletilmis olcu karsilastirmasi,"min_kenar_px, maks_kenar_px, yukseklik_genislik_orani, kutu_genislik_px, kutu_yukseklik_px, alan_px2",5,her olcunun kendi dagiliminin besli ceyrekleri,"min_kenar_px: 40.7, 48.0, 56.0, 66.0; maks_kenar_px: 53.0, 65.0, 77.0, 93.0; yukseklik_genislik_orani: 0.711, 0.900, 1.087, 1.384; kutu_genislik_px: 45.0, 55.0, 66.0, 81.0; kutu_yukseklik_px: 44.0, 55.0, 65.0, 80.0; alan_px2: 2254.0, 3195.0, 4300.0, 5921.2",nokta-cift (olcu ile ikili eslesti degiskeni arasinda Pearson),0.3,kutu_bazinda_sonuc.csv,3073,100,50,model taramasi yapilmadi; tum sayilar kutu bazinda kayittan turetildi,3.13.1,8.4.144,0.12.6,2.14.0,2026-09-11 12:53:04,scripts/09_yukseklik_kontrol.py
alan_px2,4,4300.0,5921.2,611,235,376,0.3846,5040.0,0.215,yeterli,genisletilmis olcu karsilastirmasi,"min_kenar_px, maks_kenar_px, yukseklik_genislik_orani, kutu_genislik_px, kutu_yukseklik_px, alan_px2",5,her olcunun kendi dagiliminin besli ceyrekleri,"min_kenar_px: 40.7, 48.0, 56.0, 66.0; maks_kenar_px: 53.0, 65.0, 77.0, 93.0; yukseklik_genislik_orani: 0.711, 0.900, 1.087, 1.384; kutu_genislik_px: 45.0, 55.0, 66.0, 81.0; kutu_yukseklik_px: 44.0, 55.0, 65.0, 80.0; alan_px2: 2254.0, 3195.0, 4300.0, 5921.2",nokta-cift (olcu ile ikili eslesti degiskeni arasinda Pearson),0.3,kutu_bazinda_sonuc.csv,3073,100,50,model taramasi yapilmadi; tum sayilar kutu bazinda kayittan turetildi,3.13.1,8.4.144,0.12.6,2.14.0,2026-09-11 12:53:04,scripts/09_yukseklik_kontrol.py
alan_px2,5,5921.2,,615,290,325,0.4715,7535.0,0.215,yeterli,genisletilmis olcu karsilastirmasi,"min_kenar_px, maks_kenar_px, yukseklik_genislik_orani, kutu_genislik_px, kutu_yukseklik_px, alan_px2",5,her olcunun kendi dagiliminin besli ceyrekleri,"min_kenar_px: 40.7, 48.0, 56.0, 66.0; maks_kenar_px: 53.0, 65.0, 77.0, 93.0; yukseklik_genislik_orani: 0.711, 0.900, 1.087, 1.384; kutu_genislik_px: 45.0, 55.0, 66.0, 81.0; kutu_yukseklik_px: 44.0, 55.0, 65.0, 80.0; alan_px2: 2254.0, 3195.0, 4300.0, 5921.2",nokta-cift (olcu ile ikili eslesti degiskeni arasinda Pearson),0.3,kutu_bazinda_sonuc.csv,3073,100,50,model taramasi yapilmadi; tum sayilar kutu bazinda kayittan turetildi,3.13.1,8.4.144,0.12.6,2.14.0,2026-09-11 12:53:04,scripts/09_yukseklik_kontrol.py
