kaynak_onek,conf_esigi,goruntu_sayisi,gercek_kutu,dogru_bulunan_tp,kacirilan_fn,recall,yanlis_pozitif_fp,fp_goruntu_basina,precision,sure_saniye_goruntu_basina,kosu_model,kosu_bolum,kosu_birlesik_bolumler,kosu_onek_filtresi,kosu_goruntu_sayisi,kosu_karo_boyutu,kosu_ortusme_orani,kosu_perform_standard_pred,kosu_postprocess_type,kosu_postprocess_match_metric,kosu_iou_esigi,kosu_cihaz,kosu_tarama_notu,kosu_gecerlilik_notu,kosu_surum_python,kosu_surum_ultralytics,kosu_surum_sahi,kosu_surum_torch,kosu_tarih,kosu_komut
ZRI,0.05,126,1297,952,345,0.734,2735,21.71,0.2582,5.96,yolo11n.pt,hepsi,train+valid+test,hepsi,1579,512,0.2,False,NMS,IOU,0.3,cpu,"tek tarama conf=0.05, yuksek esikler filtrelendi",Bu olcum train+valid+test bolumlerini birlestiriyor. Model henuz egitilmedigi ve hicbir goruntuyu gormedigi icin gecerlidir; Hafta 3'te egitim yapildiktan sonra bu kosu tekrarlanamaz.,3.13.1,8.4.144,0.12.6,2.14.0,2026-09-11 12:03:18,scripts/01_taban_cizgisi.py --bolum hepsi --limit 0 --onek-bazinda --cikti reports/taban_cizgisi_onek.csv
ZRI,0.15,126,1297,723,574,0.5574,899,7.13,0.4457,5.96,yolo11n.pt,hepsi,train+valid+test,hepsi,1579,512,0.2,False,NMS,IOU,0.3,cpu,"tek tarama conf=0.05, yuksek esikler filtrelendi",Bu olcum train+valid+test bolumlerini birlestiriyor. Model henuz egitilmedigi ve hicbir goruntuyu gormedigi icin gecerlidir; Hafta 3'te egitim yapildiktan sonra bu kosu tekrarlanamaz.,3.13.1,8.4.144,0.12.6,2.14.0,2026-09-11 12:03:18,scripts/01_taban_cizgisi.py --bolum hepsi --limit 0 --onek-bazinda --cikti reports/taban_cizgisi_onek.csv
ZRI,0.3,126,1297,498,799,0.384,326,2.59,0.6044,5.96,yolo11n.pt,hepsi,train+valid+test,hepsi,1579,512,0.2,False,NMS,IOU,0.3,cpu,"tek tarama conf=0.05, yuksek esikler filtrelendi",Bu olcum train+valid+test bolumlerini birlestiriyor. Model henuz egitilmedigi ve hicbir goruntuyu gormedigi icin gecerlidir; Hafta 3'te egitim yapildiktan sonra bu kosu tekrarlanamaz.,3.13.1,8.4.144,0.12.6,2.14.0,2026-09-11 12:03:18,scripts/01_taban_cizgisi.py --bolum hepsi --limit 0 --onek-bazinda --cikti reports/taban_cizgisi_onek.csv
MED,0.05,148,338,166,172,0.4911,1206,8.15,0.121,5.96,yolo11n.pt,hepsi,train+valid+test,hepsi,1579,512,0.2,False,NMS,IOU,0.3,cpu,"tek tarama conf=0.05, yuksek esikler filtrelendi",Bu olcum train+valid+test bolumlerini birlestiriyor. Model henuz egitilmedigi ve hicbir goruntuyu gormedigi icin gecerlidir; Hafta 3'te egitim yapildiktan sonra bu kosu tekrarlanamaz.,3.13.1,8.4.144,0.12.6,2.14.0,2026-09-11 12:03:18,scripts/01_taban_cizgisi.py --bolum hepsi --limit 0 --onek-bazinda --cikti reports/taban_cizgisi_onek.csv
MED,0.15,148,338,122,216,0.3609,263,1.78,0.3169,5.96,yolo11n.pt,hepsi,train+valid+test,hepsi,1579,512,0.2,False,NMS,IOU,0.3,cpu,"tek tarama conf=0.05, yuksek esikler filtrelendi",Bu olcum train+valid+test bolumlerini birlestiriyor. Model henuz egitilmedigi ve hicbir goruntuyu gormedigi icin gecerlidir; Hafta 3'te egitim yapildiktan sonra bu kosu tekrarlanamaz.,3.13.1,8.4.144,0.12.6,2.14.0,2026-09-11 12:03:18,scripts/01_taban_cizgisi.py --bolum hepsi --limit 0 --onek-bazinda --cikti reports/taban_cizgisi_onek.csv
MED,0.3,148,338,95,243,0.2811,79,0.53,0.546,5.96,yolo11n.pt,hepsi,train+valid+test,hepsi,1579,512,0.2,False,NMS,IOU,0.3,cpu,"tek tarama conf=0.05, yuksek esikler filtrelendi",Bu olcum train+valid+test bolumlerini birlestiriyor. Model henuz egitilmedigi ve hicbir goruntuyu gormedigi icin gecerlidir; Hafta 3'te egitim yapildiktan sonra bu kosu tekrarlanamaz.,3.13.1,8.4.144,0.12.6,2.14.0,2026-09-11 12:03:18,scripts/01_taban_cizgisi.py --bolum hepsi --limit 0 --onek-bazinda --cikti reports/taban_cizgisi_onek.csv
GOR,0.05,211,260,143,117,0.55,8977,42.55,0.0157,5.96,yolo11n.pt,hepsi,train+valid+test,hepsi,1579,512,0.2,False,NMS,IOU,0.3,cpu,"tek tarama conf=0.05, yuksek esikler filtrelendi",Bu olcum train+valid+test bolumlerini birlestiriyor. Model henuz egitilmedigi ve hicbir goruntuyu gormedigi icin gecerlidir; Hafta 3'te egitim yapildiktan sonra bu kosu tekrarlanamaz.,3.13.1,8.4.144,0.12.6,2.14.0,2026-09-11 12:03:18,scripts/01_taban_cizgisi.py --bolum hepsi --limit 0 --onek-bazinda --cikti reports/taban_cizgisi_onek.csv
GOR,0.15,211,260,102,158,0.3923,2491,11.81,0.0393,5.96,yolo11n.pt,hepsi,train+valid+test,hepsi,1579,512,0.2,False,NMS,IOU,0.3,cpu,"tek tarama conf=0.05, yuksek esikler filtrelendi",Bu olcum train+valid+test bolumlerini birlestiriyor. Model henuz egitilmedigi ve hicbir goruntuyu gormedigi icin gecerlidir; Hafta 3'te egitim yapildiktan sonra bu kosu tekrarlanamaz.,3.13.1,8.4.144,0.12.6,2.14.0,2026-09-11 12:03:18,scripts/01_taban_cizgisi.py --bolum hepsi --limit 0 --onek-bazinda --cikti reports/taban_cizgisi_onek.csv
GOR,0.3,211,260,80,180,0.3077,606,2.87,0.1166,5.96,yolo11n.pt,hepsi,train+valid+test,hepsi,1579,512,0.2,False,NMS,IOU,0.3,cpu,"tek tarama conf=0.05, yuksek esikler filtrelendi",Bu olcum train+valid+test bolumlerini birlestiriyor. Model henuz egitilmedigi ve hicbir goruntuyu gormedigi icin gecerlidir; Hafta 3'te egitim yapildiktan sonra bu kosu tekrarlanamaz.,3.13.1,8.4.144,0.12.6,2.14.0,2026-09-11 12:03:18,scripts/01_taban_cizgisi.py --bolum hepsi --limit 0 --onek-bazinda --cikti reports/taban_cizgisi_onek.csv
BRK,0.05,155,216,110,106,0.5093,398,2.57,0.2165,5.96,yolo11n.pt,hepsi,train+valid+test,hepsi,1579,512,0.2,False,NMS,IOU,0.3,cpu,"tek tarama conf=0.05, yuksek esikler filtrelendi",Bu olcum train+valid+test bolumlerini birlestiriyor. Model henuz egitilmedigi ve hicbir goruntuyu gormedigi icin gecerlidir; Hafta 3'te egitim yapildiktan sonra bu kosu tekrarlanamaz.,3.13.1,8.4.144,0.12.6,2.14.0,2026-09-11 12:03:18,scripts/01_taban_cizgisi.py --bolum hepsi --limit 0 --onek-bazinda --cikti reports/taban_cizgisi_onek.csv
BRK,0.15,155,216,86,130,0.3981,106,0.68,0.4479,5.96,yolo11n.pt,hepsi,train+valid+test,hepsi,1579,512,0.2,False,NMS,IOU,0.3,cpu,"tek tarama conf=0.05, yuksek esikler filtrelendi",Bu olcum train+valid+test bolumlerini birlestiriyor. Model henuz egitilmedigi ve hicbir goruntuyu gormedigi icin gecerlidir; Hafta 3'te egitim yapildiktan sonra bu kosu tekrarlanamaz.,3.13.1,8.4.144,0.12.6,2.14.0,2026-09-11 12:03:18,scripts/01_taban_cizgisi.py --bolum hepsi --limit 0 --onek-bazinda --cikti reports/taban_cizgisi_onek.csv
BRK,0.3,155,216,67,149,0.3102,32,0.21,0.6768,5.96,yolo11n.pt,hepsi,train+valid+test,hepsi,1579,512,0.2,False,NMS,IOU,0.3,cpu,"tek tarama conf=0.05, yuksek esikler filtrelendi",Bu olcum train+valid+test bolumlerini birlestiriyor. Model henuz egitilmedigi ve hicbir goruntuyu gormedigi icin gecerlidir; Hafta 3'te egitim yapildiktan sonra bu kosu tekrarlanamaz.,3.13.1,8.4.144,0.12.6,2.14.0,2026-09-11 12:03:18,scripts/01_taban_cizgisi.py --bolum hepsi --limit 0 --onek-bazinda --cikti reports/taban_cizgisi_onek.csv
VRD,0.05,340,205,161,44,0.7854,3060,9.0,0.05,5.96,yolo11n.pt,hepsi,train+valid+test,hepsi,1579,512,0.2,False,NMS,IOU,0.3,cpu,"tek tarama conf=0.05, yuksek esikler filtrelendi",Bu olcum train+valid+test bolumlerini birlestiriyor. Model henuz egitilmedigi ve hicbir goruntuyu gormedigi icin gecerlidir; Hafta 3'te egitim yapildiktan sonra bu kosu tekrarlanamaz.,3.13.1,8.4.144,0.12.6,2.14.0,2026-09-11 12:03:18,scripts/01_taban_cizgisi.py --bolum hepsi --limit 0 --onek-bazinda --cikti reports/taban_cizgisi_onek.csv
VRD,0.15,340,205,127,78,0.6195,711,2.09,0.1516,5.96,yolo11n.pt,hepsi,train+valid+test,hepsi,1579,512,0.2,False,NMS,IOU,0.3,cpu,"tek tarama conf=0.05, yuksek esikler filtrelendi",Bu olcum train+valid+test bolumlerini birlestiriyor. Model henuz egitilmedigi ve hicbir goruntuyu gormedigi icin gecerlidir; Hafta 3'te egitim yapildiktan sonra bu kosu tekrarlanamaz.,3.13.1,8.4.144,0.12.6,2.14.0,2026-09-11 12:03:18,scripts/01_taban_cizgisi.py --bolum hepsi --limit 0 --onek-bazinda --cikti reports/taban_cizgisi_onek.csv
VRD,0.3,340,205,84,121,0.4098,167,0.49,0.3347,5.96,yolo11n.pt,hepsi,train+valid+test,hepsi,1579,512,0.2,False,NMS,IOU,0.3,cpu,"tek tarama conf=0.05, yuksek esikler filtrelendi",Bu olcum train+valid+test bolumlerini birlestiriyor. Model henuz egitilmedigi ve hicbir goruntuyu gormedigi icin gecerlidir; Hafta 3'te egitim yapildiktan sonra bu kosu tekrarlanamaz.,3.13.1,8.4.144,0.12.6,2.14.0,2026-09-11 12:03:18,scripts/01_taban_cizgisi.py --bolum hepsi --limit 0 --onek-bazinda --cikti reports/taban_cizgisi_onek.csv
TRS,0.05,49,130,40,90,0.3077,167,3.41,0.1932,5.96,yolo11n.pt,hepsi,train+valid+test,hepsi,1579,512,0.2,False,NMS,IOU,0.3,cpu,"tek tarama conf=0.05, yuksek esikler filtrelendi",Bu olcum train+valid+test bolumlerini birlestiriyor. Model henuz egitilmedigi ve hicbir goruntuyu gormedigi icin gecerlidir; Hafta 3'te egitim yapildiktan sonra bu kosu tekrarlanamaz.,3.13.1,8.4.144,0.12.6,2.14.0,2026-09-11 12:03:18,scripts/01_taban_cizgisi.py --bolum hepsi --limit 0 --onek-bazinda --cikti reports/taban_cizgisi_onek.csv
TRS,0.15,49,130,27,103,0.2077,35,0.71,0.4355,5.96,yolo11n.pt,hepsi,train+valid+test,hepsi,1579,512,0.2,False,NMS,IOU,0.3,cpu,"tek tarama conf=0.05, yuksek esikler filtrelendi",Bu olcum train+valid+test bolumlerini birlestiriyor. Model henuz egitilmedigi ve hicbir goruntuyu gormedigi icin gecerlidir; Hafta 3'te egitim yapildiktan sonra bu kosu tekrarlanamaz.,3.13.1,8.4.144,0.12.6,2.14.0,2026-09-11 12:03:18,scripts/01_taban_cizgisi.py --bolum hepsi --limit 0 --onek-bazinda --cikti reports/taban_cizgisi_onek.csv
TRS,0.3,49,130,16,114,0.1231,11,0.22,0.5926,5.96,yolo11n.pt,hepsi,train+valid+test,hepsi,1579,512,0.2,False,NMS,IOU,0.3,cpu,"tek tarama conf=0.05, yuksek esikler filtrelendi",Bu olcum train+valid+test bolumlerini birlestiriyor. Model henuz egitilmedigi ve hicbir goruntuyu gormedigi icin gecerlidir; Hafta 3'te egitim yapildiktan sonra bu kosu tekrarlanamaz.,3.13.1,8.4.144,0.12.6,2.14.0,2026-09-11 12:03:18,scripts/01_taban_cizgisi.py --bolum hepsi --limit 0 --onek-bazinda --cikti reports/taban_cizgisi_onek.csv
BRS,0.05,66,102,38,64,0.3725,1675,25.38,0.0222,5.96,yolo11n.pt,hepsi,train+valid+test,hepsi,1579,512,0.2,False,NMS,IOU,0.3,cpu,"tek tarama conf=0.05, yuksek esikler filtrelendi",Bu olcum train+valid+test bolumlerini birlestiriyor. Model henuz egitilmedigi ve hicbir goruntuyu gormedigi icin gecerlidir; Hafta 3'te egitim yapildiktan sonra bu kosu tekrarlanamaz.,3.13.1,8.4.144,0.12.6,2.14.0,2026-09-11 12:03:18,scripts/01_taban_cizgisi.py --bolum hepsi --limit 0 --onek-bazinda --cikti reports/taban_cizgisi_onek.csv
BRS,0.15,66,102,22,80,0.2157,285,4.32,0.0717,5.96,yolo11n.pt,hepsi,train+valid+test,hepsi,1579,512,0.2,False,NMS,IOU,0.3,cpu,"tek tarama conf=0.05, yuksek esikler filtrelendi",Bu olcum train+valid+test bolumlerini birlestiriyor. Model henuz egitilmedigi ve hicbir goruntuyu gormedigi icin gecerlidir; Hafta 3'te egitim yapildiktan sonra bu kosu tekrarlanamaz.,3.13.1,8.4.144,0.12.6,2.14.0,2026-09-11 12:03:18,scripts/01_taban_cizgisi.py --bolum hepsi --limit 0 --onek-bazinda --cikti reports/taban_cizgisi_onek.csv
BRS,0.3,66,102,7,95,0.0686,39,0.59,0.1522,5.96,yolo11n.pt,hepsi,train+valid+test,hepsi,1579,512,0.2,False,NMS,IOU,0.3,cpu,"tek tarama conf=0.05, yuksek esikler filtrelendi",Bu olcum train+valid+test bolumlerini birlestiriyor. Model henuz egitilmedigi ve hicbir goruntuyu gormedigi icin gecerlidir; Hafta 3'te egitim yapildiktan sonra bu kosu tekrarlanamaz.,3.13.1,8.4.144,0.12.6,2.14.0,2026-09-11 12:03:18,scripts/01_taban_cizgisi.py --bolum hepsi --limit 0 --onek-bazinda --cikti reports/taban_cizgisi_onek.csv
BRA,0.05,74,100,18,82,0.18,866,11.7,0.0204,5.96,yolo11n.pt,hepsi,train+valid+test,hepsi,1579,512,0.2,False,NMS,IOU,0.3,cpu,"tek tarama conf=0.05, yuksek esikler filtrelendi",Bu olcum train+valid+test bolumlerini birlestiriyor. Model henuz egitilmedigi ve hicbir goruntuyu gormedigi icin gecerlidir; Hafta 3'te egitim yapildiktan sonra bu kosu tekrarlanamaz.,3.13.1,8.4.144,0.12.6,2.14.0,2026-09-11 12:03:18,scripts/01_taban_cizgisi.py --bolum hepsi --limit 0 --onek-bazinda --cikti reports/taban_cizgisi_onek.csv
BRA,0.15,74,100,8,92,0.08,139,1.88,0.0544,5.96,yolo11n.pt,hepsi,train+valid+test,hepsi,1579,512,0.2,False,NMS,IOU,0.3,cpu,"tek tarama conf=0.05, yuksek esikler filtrelendi",Bu olcum train+valid+test bolumlerini birlestiriyor. Model henuz egitilmedigi ve hicbir goruntuyu gormedigi icin gecerlidir; Hafta 3'te egitim yapildiktan sonra bu kosu tekrarlanamaz.,3.13.1,8.4.144,0.12.6,2.14.0,2026-09-11 12:03:18,scripts/01_taban_cizgisi.py --bolum hepsi --limit 0 --onek-bazinda --cikti reports/taban_cizgisi_onek.csv
BRA,0.3,74,100,5,95,0.05,30,0.41,0.1429,5.96,yolo11n.pt,hepsi,train+valid+test,hepsi,1579,512,0.2,False,NMS,IOU,0.3,cpu,"tek tarama conf=0.05, yuksek esikler filtrelendi",Bu olcum train+valid+test bolumlerini birlestiriyor. Model henuz egitilmedigi ve hicbir goruntuyu gormedigi icin gecerlidir; Hafta 3'te egitim yapildiktan sonra bu kosu tekrarlanamaz.,3.13.1,8.4.144,0.12.6,2.14.0,2026-09-11 12:03:18,scripts/01_taban_cizgisi.py --bolum hepsi --limit 0 --onek-bazinda --cikti reports/taban_cizgisi_onek.csv
JAS,0.05,186,98,71,27,0.7245,1663,8.94,0.0409,5.96,yolo11n.pt,hepsi,train+valid+test,hepsi,1579,512,0.2,False,NMS,IOU,0.3,cpu,"tek tarama conf=0.05, yuksek esikler filtrelendi",Bu olcum train+valid+test bolumlerini birlestiriyor. Model henuz egitilmedigi ve hicbir goruntuyu gormedigi icin gecerlidir; Hafta 3'te egitim yapildiktan sonra bu kosu tekrarlanamaz.,3.13.1,8.4.144,0.12.6,2.14.0,2026-09-11 12:03:18,scripts/01_taban_cizgisi.py --bolum hepsi --limit 0 --onek-bazinda --cikti reports/taban_cizgisi_onek.csv
JAS,0.15,186,98,54,44,0.551,274,1.47,0.1646,5.96,yolo11n.pt,hepsi,train+valid+test,hepsi,1579,512,0.2,False,NMS,IOU,0.3,cpu,"tek tarama conf=0.05, yuksek esikler filtrelendi",Bu olcum train+valid+test bolumlerini birlestiriyor. Model henuz egitilmedigi ve hicbir goruntuyu gormedigi icin gecerlidir; Hafta 3'te egitim yapildiktan sonra bu kosu tekrarlanamaz.,3.13.1,8.4.144,0.12.6,2.14.0,2026-09-11 12:03:18,scripts/01_taban_cizgisi.py --bolum hepsi --limit 0 --onek-bazinda --cikti reports/taban_cizgisi_onek.csv
JAS,0.3,186,98,37,61,0.3776,57,0.31,0.3936,5.96,yolo11n.pt,hepsi,train+valid+test,hepsi,1579,512,0.2,False,NMS,IOU,0.3,cpu,"tek tarama conf=0.05, yuksek esikler filtrelendi",Bu olcum train+valid+test bolumlerini birlestiriyor. Model henuz egitilmedigi ve hicbir goruntuyu gormedigi icin gecerlidir; Hafta 3'te egitim yapildiktan sonra bu kosu tekrarlanamaz.,3.13.1,8.4.144,0.12.6,2.14.0,2026-09-11 12:03:18,scripts/01_taban_cizgisi.py --bolum hepsi --limit 0 --onek-bazinda --cikti reports/taban_cizgisi_onek.csv
SB,0.05,40,96,33,63,0.3438,155,3.88,0.1755,5.96,yolo11n.pt,hepsi,train+valid+test,hepsi,1579,512,0.2,False,NMS,IOU,0.3,cpu,"tek tarama conf=0.05, yuksek esikler filtrelendi",Bu olcum train+valid+test bolumlerini birlestiriyor. Model henuz egitilmedigi ve hicbir goruntuyu gormedigi icin gecerlidir; Hafta 3'te egitim yapildiktan sonra bu kosu tekrarlanamaz.,3.13.1,8.4.144,0.12.6,2.14.0,2026-09-11 12:03:18,scripts/01_taban_cizgisi.py --bolum hepsi --limit 0 --onek-bazinda --cikti reports/taban_cizgisi_onek.csv
SB,0.15,40,96,20,76,0.2083,37,0.93,0.3509,5.96,yolo11n.pt,hepsi,train+valid+test,hepsi,1579,512,0.2,False,NMS,IOU,0.3,cpu,"tek tarama conf=0.05, yuksek esikler filtrelendi",Bu olcum train+valid+test bolumlerini birlestiriyor. Model henuz egitilmedigi ve hicbir goruntuyu gormedigi icin gecerlidir; Hafta 3'te egitim yapildiktan sonra bu kosu tekrarlanamaz.,3.13.1,8.4.144,0.12.6,2.14.0,2026-09-11 12:03:18,scripts/01_taban_cizgisi.py --bolum hepsi --limit 0 --onek-bazinda --cikti reports/taban_cizgisi_onek.csv
SB,0.3,40,96,9,87,0.0938,12,0.3,0.4286,5.96,yolo11n.pt,hepsi,train+valid+test,hepsi,1579,512,0.2,False,NMS,IOU,0.3,cpu,"tek tarama conf=0.05, yuksek esikler filtrelendi",Bu olcum train+valid+test bolumlerini birlestiriyor. Model henuz egitilmedigi ve hicbir goruntuyu gormedigi icin gecerlidir; Hafta 3'te egitim yapildiktan sonra bu kosu tekrarlanamaz.,3.13.1,8.4.144,0.12.6,2.14.0,2026-09-11 12:03:18,scripts/01_taban_cizgisi.py --bolum hepsi --limit 0 --onek-bazinda --cikti reports/taban_cizgisi_onek.csv
RAK,0.05,80,51,43,8,0.8431,271,3.39,0.1369,5.96,yolo11n.pt,hepsi,train+valid+test,hepsi,1579,512,0.2,False,NMS,IOU,0.3,cpu,"tek tarama conf=0.05, yuksek esikler filtrelendi",Bu olcum train+valid+test bolumlerini birlestiriyor. Model henuz egitilmedigi ve hicbir goruntuyu gormedigi icin gecerlidir; Hafta 3'te egitim yapildiktan sonra bu kosu tekrarlanamaz.,3.13.1,8.4.144,0.12.6,2.14.0,2026-09-11 12:03:18,scripts/01_taban_cizgisi.py --bolum hepsi --limit 0 --onek-bazinda --cikti reports/taban_cizgisi_onek.csv
RAK,0.15,80,51,32,19,0.6275,68,0.85,0.32,5.96,yolo11n.pt,hepsi,train+valid+test,hepsi,1579,512,0.2,False,NMS,IOU,0.3,cpu,"tek tarama conf=0.05, yuksek esikler filtrelendi",Bu olcum train+valid+test bolumlerini birlestiriyor. Model henuz egitilmedigi ve hicbir goruntuyu gormedigi icin gecerlidir; Hafta 3'te egitim yapildiktan sonra bu kosu tekrarlanamaz.,3.13.1,8.4.144,0.12.6,2.14.0,2026-09-11 12:03:18,scripts/01_taban_cizgisi.py --bolum hepsi --limit 0 --onek-bazinda --cikti reports/taban_cizgisi_onek.csv
RAK,0.3,80,51,20,31,0.3922,20,0.25,0.5,5.96,yolo11n.pt,hepsi,train+valid+test,hepsi,1579,512,0.2,False,NMS,IOU,0.3,cpu,"tek tarama conf=0.05, yuksek esikler filtrelendi",Bu olcum train+valid+test bolumlerini birlestiriyor. Model henuz egitilmedigi ve hicbir goruntuyu gormedigi icin gecerlidir; Hafta 3'te egitim yapildiktan sonra bu kosu tekrarlanamaz.,3.13.1,8.4.144,0.12.6,2.14.0,2026-09-11 12:03:18,scripts/01_taban_cizgisi.py --bolum hepsi --limit 0 --onek-bazinda --cikti reports/taban_cizgisi_onek.csv
BLI,0.05,9,46,25,21,0.5435,33,3.67,0.431,5.96,yolo11n.pt,hepsi,train+valid+test,hepsi,1579,512,0.2,False,NMS,IOU,0.3,cpu,"tek tarama conf=0.05, yuksek esikler filtrelendi",Bu olcum train+valid+test bolumlerini birlestiriyor. Model henuz egitilmedigi ve hicbir goruntuyu gormedigi icin gecerlidir; Hafta 3'te egitim yapildiktan sonra bu kosu tekrarlanamaz.,3.13.1,8.4.144,0.12.6,2.14.0,2026-09-11 12:03:18,scripts/01_taban_cizgisi.py --bolum hepsi --limit 0 --onek-bazinda --cikti reports/taban_cizgisi_onek.csv
BLI,0.15,9,46,14,32,0.3043,6,0.67,0.7,5.96,yolo11n.pt,hepsi,train+valid+test,hepsi,1579,512,0.2,False,NMS,IOU,0.3,cpu,"tek tarama conf=0.05, yuksek esikler filtrelendi",Bu olcum train+valid+test bolumlerini birlestiriyor. Model henuz egitilmedigi ve hicbir goruntuyu gormedigi icin gecerlidir; Hafta 3'te egitim yapildiktan sonra bu kosu tekrarlanamaz.,3.13.1,8.4.144,0.12.6,2.14.0,2026-09-11 12:03:18,scripts/01_taban_cizgisi.py --bolum hepsi --limit 0 --onek-bazinda --cikti reports/taban_cizgisi_onek.csv
BLI,0.3,9,46,9,37,0.1957,1,0.11,0.9,5.96,yolo11n.pt,hepsi,train+valid+test,hepsi,1579,512,0.2,False,NMS,IOU,0.3,cpu,"tek tarama conf=0.05, yuksek esikler filtrelendi",Bu olcum train+valid+test bolumlerini birlestiriyor. Model henuz egitilmedigi ve hicbir goruntuyu gormedigi icin gecerlidir; Hafta 3'te egitim yapildiktan sonra bu kosu tekrarlanamaz.,3.13.1,8.4.144,0.12.6,2.14.0,2026-09-11 12:03:18,scripts/01_taban_cizgisi.py --bolum hepsi --limit 0 --onek-bazinda --cikti reports/taban_cizgisi_onek.csv
CAP,0.05,64,44,36,8,0.8182,72,1.12,0.3333,5.96,yolo11n.pt,hepsi,train+valid+test,hepsi,1579,512,0.2,False,NMS,IOU,0.3,cpu,"tek tarama conf=0.05, yuksek esikler filtrelendi",Bu olcum train+valid+test bolumlerini birlestiriyor. Model henuz egitilmedigi ve hicbir goruntuyu gormedigi icin gecerlidir; Hafta 3'te egitim yapildiktan sonra bu kosu tekrarlanamaz.,3.13.1,8.4.144,0.12.6,2.14.0,2026-09-11 12:03:18,scripts/01_taban_cizgisi.py --bolum hepsi --limit 0 --onek-bazinda --cikti reports/taban_cizgisi_onek.csv
CAP,0.15,64,44,31,13,0.7045,29,0.45,0.5167,5.96,yolo11n.pt,hepsi,train+valid+test,hepsi,1579,512,0.2,False,NMS,IOU,0.3,cpu,"tek tarama conf=0.05, yuksek esikler filtrelendi",Bu olcum train+valid+test bolumlerini birlestiriyor. Model henuz egitilmedigi ve hicbir goruntuyu gormedigi icin gecerlidir; Hafta 3'te egitim yapildiktan sonra bu kosu tekrarlanamaz.,3.13.1,8.4.144,0.12.6,2.14.0,2026-09-11 12:03:18,scripts/01_taban_cizgisi.py --bolum hepsi --limit 0 --onek-bazinda --cikti reports/taban_cizgisi_onek.csv
CAP,0.3,64,44,27,17,0.6136,14,0.22,0.6585,5.96,yolo11n.pt,hepsi,train+valid+test,hepsi,1579,512,0.2,False,NMS,IOU,0.3,cpu,"tek tarama conf=0.05, yuksek esikler filtrelendi",Bu olcum train+valid+test bolumlerini birlestiriyor. Model henuz egitilmedigi ve hicbir goruntuyu gormedigi icin gecerlidir; Hafta 3'te egitim yapildiktan sonra bu kosu tekrarlanamaz.,3.13.1,8.4.144,0.12.6,2.14.0,2026-09-11 12:03:18,scripts/01_taban_cizgisi.py --bolum hepsi --limit 0 --onek-bazinda --cikti reports/taban_cizgisi_onek.csv
CAB,0.05,8,34,7,27,0.2059,8,1.0,0.4667,5.96,yolo11n.pt,hepsi,train+valid+test,hepsi,1579,512,0.2,False,NMS,IOU,0.3,cpu,"tek tarama conf=0.05, yuksek esikler filtrelendi",Bu olcum train+valid+test bolumlerini birlestiriyor. Model henuz egitilmedigi ve hicbir goruntuyu gormedigi icin gecerlidir; Hafta 3'te egitim yapildiktan sonra bu kosu tekrarlanamaz.,3.13.1,8.4.144,0.12.6,2.14.0,2026-09-11 12:03:18,scripts/01_taban_cizgisi.py --bolum hepsi --limit 0 --onek-bazinda --cikti reports/taban_cizgisi_onek.csv
CAB,0.15,8,34,4,30,0.1176,2,0.25,0.6667,5.96,yolo11n.pt,hepsi,train+valid+test,hepsi,1579,512,0.2,False,NMS,IOU,0.3,cpu,"tek tarama conf=0.05, yuksek esikler filtrelendi",Bu olcum train+valid+test bolumlerini birlestiriyor. Model henuz egitilmedigi ve hicbir goruntuyu gormedigi icin gecerlidir; Hafta 3'te egitim yapildiktan sonra bu kosu tekrarlanamaz.,3.13.1,8.4.144,0.12.6,2.14.0,2026-09-11 12:03:18,scripts/01_taban_cizgisi.py --bolum hepsi --limit 0 --onek-bazinda --cikti reports/taban_cizgisi_onek.csv
CAB,0.3,8,34,3,31,0.0882,0,0.0,1.0,5.96,yolo11n.pt,hepsi,train+valid+test,hepsi,1579,512,0.2,False,NMS,IOU,0.3,cpu,"tek tarama conf=0.05, yuksek esikler filtrelendi",Bu olcum train+valid+test bolumlerini birlestiriyor. Model henuz egitilmedigi ve hicbir goruntuyu gormedigi icin gecerlidir; Hafta 3'te egitim yapildiktan sonra bu kosu tekrarlanamaz.,3.13.1,8.4.144,0.12.6,2.14.0,2026-09-11 12:03:18,scripts/01_taban_cizgisi.py --bolum hepsi --limit 0 --onek-bazinda --cikti reports/taban_cizgisi_onek.csv
BLA,0.05,8,22,10,12,0.4545,47,5.88,0.1754,5.96,yolo11n.pt,hepsi,train+valid+test,hepsi,1579,512,0.2,False,NMS,IOU,0.3,cpu,"tek tarama conf=0.05, yuksek esikler filtrelendi",Bu olcum train+valid+test bolumlerini birlestiriyor. Model henuz egitilmedigi ve hicbir goruntuyu gormedigi icin gecerlidir; Hafta 3'te egitim yapildiktan sonra bu kosu tekrarlanamaz.,3.13.1,8.4.144,0.12.6,2.14.0,2026-09-11 12:03:18,scripts/01_taban_cizgisi.py --bolum hepsi --limit 0 --onek-bazinda --cikti reports/taban_cizgisi_onek.csv
BLA,0.15,8,22,8,14,0.3636,16,2.0,0.3333,5.96,yolo11n.pt,hepsi,train+valid+test,hepsi,1579,512,0.2,False,NMS,IOU,0.3,cpu,"tek tarama conf=0.05, yuksek esikler filtrelendi",Bu olcum train+valid+test bolumlerini birlestiriyor. Model henuz egitilmedigi ve hicbir goruntuyu gormedigi icin gecerlidir; Hafta 3'te egitim yapildiktan sonra bu kosu tekrarlanamaz.,3.13.1,8.4.144,0.12.6,2.14.0,2026-09-11 12:03:18,scripts/01_taban_cizgisi.py --bolum hepsi --limit 0 --onek-bazinda --cikti reports/taban_cizgisi_onek.csv
BLA,0.3,8,22,7,15,0.3182,9,1.12,0.4375,5.96,yolo11n.pt,hepsi,train+valid+test,hepsi,1579,512,0.2,False,NMS,IOU,0.3,cpu,"tek tarama conf=0.05, yuksek esikler filtrelendi",Bu olcum train+valid+test bolumlerini birlestiriyor. Model henuz egitilmedigi ve hicbir goruntuyu gormedigi icin gecerlidir; Hafta 3'te egitim yapildiktan sonra bu kosu tekrarlanamaz.,3.13.1,8.4.144,0.12.6,2.14.0,2026-09-11 12:03:18,scripts/01_taban_cizgisi.py --bolum hepsi --limit 0 --onek-bazinda --cikti reports/taban_cizgisi_onek.csv
GRO,0.05,10,21,5,16,0.2381,29,2.9,0.1471,5.96,yolo11n.pt,hepsi,train+valid+test,hepsi,1579,512,0.2,False,NMS,IOU,0.3,cpu,"tek tarama conf=0.05, yuksek esikler filtrelendi",Bu olcum train+valid+test bolumlerini birlestiriyor. Model henuz egitilmedigi ve hicbir goruntuyu gormedigi icin gecerlidir; Hafta 3'te egitim yapildiktan sonra bu kosu tekrarlanamaz.,3.13.1,8.4.144,0.12.6,2.14.0,2026-09-11 12:03:18,scripts/01_taban_cizgisi.py --bolum hepsi --limit 0 --onek-bazinda --cikti reports/taban_cizgisi_onek.csv
GRO,0.15,10,21,4,17,0.1905,7,0.7,0.3636,5.96,yolo11n.pt,hepsi,train+valid+test,hepsi,1579,512,0.2,False,NMS,IOU,0.3,cpu,"tek tarama conf=0.05, yuksek esikler filtrelendi",Bu olcum train+valid+test bolumlerini birlestiriyor. Model henuz egitilmedigi ve hicbir goruntuyu gormedigi icin gecerlidir; Hafta 3'te egitim yapildiktan sonra bu kosu tekrarlanamaz.,3.13.1,8.4.144,0.12.6,2.14.0,2026-09-11 12:03:18,scripts/01_taban_cizgisi.py --bolum hepsi --limit 0 --onek-bazinda --cikti reports/taban_cizgisi_onek.csv
GRO,0.3,10,21,2,19,0.0952,1,0.1,0.6667,5.96,yolo11n.pt,hepsi,train+valid+test,hepsi,1579,512,0.2,False,NMS,IOU,0.3,cpu,"tek tarama conf=0.05, yuksek esikler filtrelendi",Bu olcum train+valid+test bolumlerini birlestiriyor. Model henuz egitilmedigi ve hicbir goruntuyu gormedigi icin gecerlidir; Hafta 3'te egitim yapildiktan sonra bu kosu tekrarlanamaz.,3.13.1,8.4.144,0.12.6,2.14.0,2026-09-11 12:03:18,scripts/01_taban_cizgisi.py --bolum hepsi --limit 0 --onek-bazinda --cikti reports/taban_cizgisi_onek.csv
MOB,0.05,5,13,6,7,0.4615,25,5.0,0.1935,5.96,yolo11n.pt,hepsi,train+valid+test,hepsi,1579,512,0.2,False,NMS,IOU,0.3,cpu,"tek tarama conf=0.05, yuksek esikler filtrelendi",Bu olcum train+valid+test bolumlerini birlestiriyor. Model henuz egitilmedigi ve hicbir goruntuyu gormedigi icin gecerlidir; Hafta 3'te egitim yapildiktan sonra bu kosu tekrarlanamaz.,3.13.1,8.4.144,0.12.6,2.14.0,2026-09-11 12:03:18,scripts/01_taban_cizgisi.py --bolum hepsi --limit 0 --onek-bazinda --cikti reports/taban_cizgisi_onek.csv
MOB,0.15,5,13,5,8,0.3846,12,2.4,0.2941,5.96,yolo11n.pt,hepsi,train+valid+test,hepsi,1579,512,0.2,False,NMS,IOU,0.3,cpu,"tek tarama conf=0.05, yuksek esikler filtrelendi",Bu olcum train+valid+test bolumlerini birlestiriyor. Model henuz egitilmedigi ve hicbir goruntuyu gormedigi icin gecerlidir; Hafta 3'te egitim yapildiktan sonra bu kosu tekrarlanamaz.,3.13.1,8.4.144,0.12.6,2.14.0,2026-09-11 12:03:18,scripts/01_taban_cizgisi.py --bolum hepsi --limit 0 --onek-bazinda --cikti reports/taban_cizgisi_onek.csv
MOB,0.3,5,13,5,8,0.3846,3,0.6,0.625,5.96,yolo11n.pt,hepsi,train+valid+test,hepsi,1579,512,0.2,False,NMS,IOU,0.3,cpu,"tek tarama conf=0.05, yuksek esikler filtrelendi",Bu olcum train+valid+test bolumlerini birlestiriyor. Model henuz egitilmedigi ve hicbir goruntuyu gormedigi icin gecerlidir; Hafta 3'te egitim yapildiktan sonra bu kosu tekrarlanamaz.,3.13.1,8.4.144,0.12.6,2.14.0,2026-09-11 12:03:18,scripts/01_taban_cizgisi.py --bolum hepsi --limit 0 --onek-bazinda --cikti reports/taban_cizgisi_onek.csv
TOPLAM,0.05,1579,3073,1864,1209,0.6066,21387,13.54,0.0802,5.96,yolo11n.pt,hepsi,train+valid+test,hepsi,1579,512,0.2,False,NMS,IOU,0.3,cpu,"tek tarama conf=0.05, yuksek esikler filtrelendi",Bu olcum train+valid+test bolumlerini birlestiriyor. Model henuz egitilmedigi ve hicbir goruntuyu gormedigi icin gecerlidir; Hafta 3'te egitim yapildiktan sonra bu kosu tekrarlanamaz.,3.13.1,8.4.144,0.12.6,2.14.0,2026-09-11 12:03:18,scripts/01_taban_cizgisi.py --bolum hepsi --limit 0 --onek-bazinda --cikti reports/taban_cizgisi_onek.csv
TOPLAM,0.15,1579,3073,1389,1684,0.452,5380,3.41,0.2052,5.96,yolo11n.pt,hepsi,train+valid+test,hepsi,1579,512,0.2,False,NMS,IOU,0.3,cpu,"tek tarama conf=0.05, yuksek esikler filtrelendi",Bu olcum train+valid+test bolumlerini birlestiriyor. Model henuz egitilmedigi ve hicbir goruntuyu gormedigi icin gecerlidir; Hafta 3'te egitim yapildiktan sonra bu kosu tekrarlanamaz.,3.13.1,8.4.144,0.12.6,2.14.0,2026-09-11 12:03:18,scripts/01_taban_cizgisi.py --bolum hepsi --limit 0 --onek-bazinda --cikti reports/taban_cizgisi_onek.csv
TOPLAM,0.3,1579,3073,971,2102,0.316,1407,0.89,0.4083,5.96,yolo11n.pt,hepsi,train+valid+test,hepsi,1579,512,0.2,False,NMS,IOU,0.3,cpu,"tek tarama conf=0.05, yuksek esikler filtrelendi",Bu olcum train+valid+test bolumlerini birlestiriyor. Model henuz egitilmedigi ve hicbir goruntuyu gormedigi icin gecerlidir; Hafta 3'te egitim yapildiktan sonra bu kosu tekrarlanamaz.,3.13.1,8.4.144,0.12.6,2.14.0,2026-09-11 12:03:18,scripts/01_taban_cizgisi.py --bolum hepsi --limit 0 --onek-bazinda --cikti reports/taban_cizgisi_onek.csv
ZRI_HARIC,0.05,1453,1776,912,864,0.5135,18652,12.84,0.0466,5.96,yolo11n.pt,hepsi,train+valid+test,hepsi,1579,512,0.2,False,NMS,IOU,0.3,cpu,"tek tarama conf=0.05, yuksek esikler filtrelendi",Bu olcum train+valid+test bolumlerini birlestiriyor. Model henuz egitilmedigi ve hicbir goruntuyu gormedigi icin gecerlidir; Hafta 3'te egitim yapildiktan sonra bu kosu tekrarlanamaz.,3.13.1,8.4.144,0.12.6,2.14.0,2026-09-11 12:03:18,scripts/01_taban_cizgisi.py --bolum hepsi --limit 0 --onek-bazinda --cikti reports/taban_cizgisi_onek.csv
ZRI_HARIC,0.15,1453,1776,666,1110,0.375,4481,3.08,0.1294,5.96,yolo11n.pt,hepsi,train+valid+test,hepsi,1579,512,0.2,False,NMS,IOU,0.3,cpu,"tek tarama conf=0.05, yuksek esikler filtrelendi",Bu olcum train+valid+test bolumlerini birlestiriyor. Model henuz egitilmedigi ve hicbir goruntuyu gormedigi icin gecerlidir; Hafta 3'te egitim yapildiktan sonra bu kosu tekrarlanamaz.,3.13.1,8.4.144,0.12.6,2.14.0,2026-09-11 12:03:18,scripts/01_taban_cizgisi.py --bolum hepsi --limit 0 --onek-bazinda --cikti reports/taban_cizgisi_onek.csv
ZRI_HARIC,0.3,1453,1776,473,1303,0.2663,1081,0.74,0.3044,5.96,yolo11n.pt,hepsi,train+valid+test,hepsi,1579,512,0.2,False,NMS,IOU,0.3,cpu,"tek tarama conf=0.05, yuksek esikler filtrelendi",Bu olcum train+valid+test bolumlerini birlestiriyor. Model henuz egitilmedigi ve hicbir goruntuyu gormedigi icin gecerlidir; Hafta 3'te egitim yapildiktan sonra bu kosu tekrarlanamaz.,3.13.1,8.4.144,0.12.6,2.14.0,2026-09-11 12:03:18,scripts/01_taban_cizgisi.py --bolum hepsi --limit 0 --onek-bazinda --cikti reports/taban_cizgisi_onek.csv
